inventory_id,part_id,airport_id,work_order_id,supplier_id,transaction_type,quantity,transaction_ts,quantity_on_hand_after,unit_cost_usd
IV-000000001,PT-000151,AP-0013,,SU-004,RECEIPT,39,2025-09-04T03:20:12,39,45.11
IV-000000002,PT-000151,AP-0013,WO-000000002,,ISSUE,3,2025-10-11T09:50:07,36,45.11
IV-000000003,PT-000151,AP-0013,,SU-003,RECEIPT,22,2025-10-18T11:29:50,58,45.11
IV-000000004,PT-000155,AP-0013,,SU-003,RECEIPT,54,2025-09-16T00:45:03,54,26.98
IV-000000005,PT-000155,AP-0013,WO-000000003,,ISSUE,2,2025-10-11T09:40:35,52,26.98
IV-000000006,PT-000088,AP-0005,,SU-004,RECEIPT,51,2025-11-28T22:21:58,51,13940.49
IV-000000007,PT-000088,AP-0005,WO-000000004,,ISSUE,3,2025-12-15T00:54:51,48,13940.49
IV-000000008,PT-000088,AP-0005,,SU-004,RECEIPT,35,2025-12-22T23:31:58,83,13940.49
IV-000000009,PT-000086,AP-0004,,SU-002,RECEIPT,39,2024-06-26T06:51:42,39,17.29
IV-000000010,PT-000086,AP-0004,WO-000000005,,ISSUE,1,2024-08-23T10:41:22,38,17.29
IV-000000011,PT-000086,AP-0004,,SU-001,RECEIPT,7,2024-09-01T16:54:21,45,17.29
IV-000000012,PT-000017,AP-0011,,SU-001,RECEIPT,20,2024-05-21T22:32:38,20,1498.3
IV-000000013,PT-000017,AP-0011,WO-000000008,,ISSUE,1,2024-06-28T12:55:20,19,1498.3
IV-000000014,PT-000017,AP-0011,,,ADJUSTMENT,2,2024-06-28T13:55:20,21,1498.3
IV-000000015,PT-000017,AP-0011,,SU-002,RECEIPT,31,2024-07-01T12:19:09,52,1498.3
IV-000000016,PT-000032,AP-0011,,SU-001,RECEIPT,20,2008-11-02T22:08:20,20,14.9
IV-000000017,PT-000032,AP-0011,WO-000000011,,ISSUE,3,2008-12-27T02:57:20,17,14.9
IV-000000018,PT-000032,AP-0011,,SU-004,RECEIPT,32,2009-01-01T21:17:35,49,14.9
IV-000000019,PT-000125,AP-0004,,SU-003,RECEIPT,59,2020-04-22T04:27:35,59,16.83
IV-000000020,PT-000125,AP-0004,WO-000000013,,ISSUE,1,2020-06-19T03:10:56,58,16.83
IV-000000021,PT-000125,AP-0004,,SU-003,RECEIPT,30,2020-06-20T22:50:29,88,16.83
IV-000000022,PT-000059,AP-0014,,SU-004,RECEIPT,6,2010-02-27T17:16:02,6,2804.02
IV-000000023,PT-000059,AP-0014,WO-000000014,,ISSUE,3,2010-04-03T03:24:16,3,2804.02
IV-000000024,PT-000106,AP-0002,,SU-002,RECEIPT,51,2009-11-28T12:02:26,51,11.87
IV-000000025,PT-000106,AP-0002,WO-000000015,,ISSUE,3,2010-01-14T02:59:41,48,11.87
IV-000000026,PT-000106,AP-0002,,SU-004,RECEIPT,26,2010-01-19T20:18:28,74,11.87
IV-000000027,PT-000095,AP-0015,,SU-003,RECEIPT,5,2011-04-25T13:25:35,5,5149.21
IV-000000028,PT-000095,AP-0015,WO-000000017,,ISSUE,2,2011-05-31T17:00:59,3,5149.21
IV-000000029,PT-000095,AP-0015,,SU-001,RECEIPT,36,2011-06-12T15:37:35,39,5149.21
IV-000000030,PT-000108,AP-0015,,SU-003,RECEIPT,39,2011-05-02T17:09:18,39,41.51
IV-000000031,PT-000108,AP-0015,WO-000000018,,ISSUE,1,2011-05-31T17:15:21,38,41.51
IV-000000032,PT-000108,AP-0015,,SU-001,RECEIPT,9,2011-06-09T21:03:24,47,41.51
IV-000000033,PT-000002,AP-0015,,SU-002,RECEIPT,27,2011-04-29T19:55:48,27,1682.78
IV-000000034,PT-000002,AP-0015,WO-000000020,,ISSUE,1,2011-05-31T17:02:50,26,1682.78
IV-000000035,PT-000002,AP-0015,,SU-001,RECEIPT,32,2011-06-01T05:02:50,58,1682.78
IV-000000036,PT-000043,AP-0015,,SU-001,RECEIPT,8,2011-04-26T00:36:26,8,13.18
IV-000000037,PT-000043,AP-0015,WO-000000021,,ISSUE,3,2011-05-31T16:52:47,5,13.18
IV-000000038,PT-000043,AP-0014,,SU-001,RECEIPT,43,2015-11-13T20:39:05,43,13.18
IV-000000039,PT-000043,AP-0014,WO-000000024,,ISSUE,1,2015-12-14T09:26:31,42,13.18
IV-000000040,PT-000043,AP-0014,,SU-002,RECEIPT,29,2015-12-23T12:55:44,71,13.18
IV-000000041,PT-000116,AP-0012,,SU-003,RECEIPT,34,2014-12-02T05:06:56,34,18891.67
IV-000000042,PT-000116,AP-0012,WO-000000027,,ISSUE,3,2014-12-07T20:51:50,31,18891.67
IV-000000043,PT-000029,AP-0013,,SU-004,RECEIPT,9,2008-04-12T16:07:05,9,47410.14
IV-000000044,PT-000029,AP-0013,WO-000000035,,ISSUE,3,2008-05-31T09:29:47,6,47410.14
IV-000000045,PT-000029,AP-0013,,SU-001,RECEIPT,30,2008-06-06T07:11:11,36,47410.14
IV-000000046,PT-000093,AP-0004,,SU-001,RECEIPT,52,2012-10-09T16:42:51,52,36.12
IV-000000047,PT-000093,AP-0004,WO-000000038,,ISSUE,2,2012-12-02T04:02:34,50,36.12
IV-000000048,PT-000003,AP-0004,,SU-002,RECEIPT,26,2012-10-18T17:04:31,26,10.48
IV-000000049,PT-000003,AP-0004,WO-000000039,,ISSUE,1,2012-12-02T04:04:37,25,10.48
IV-000000050,PT-000110,AP-0004,,SU-003,RECEIPT,58,2012-10-27T17:20:50,58,12248.13
IV-000000051,PT-000110,AP-0004,WO-000000040,,ISSUE,1,2012-12-02T04:43:42,57,12248.13
IV-000000052,PT-000027,AP-0006,,SU-001,RECEIPT,8,2004-08-04T02:48:03,8,38.23
IV-000000053,PT-000027,AP-0006,WO-000000041,,ISSUE,3,2004-08-21T11:59:11,5,38.23
IV-000000054,PT-000027,AP-0006,,SU-003,RECEIPT,34,2004-08-28T13:47:11,39,38.23
IV-000000055,PT-000100,AP-0010,,SU-003,RECEIPT,12,2002-08-28T01:48:05,12,34.39
IV-000000056,PT-000100,AP-0010,WO-000000043,,ISSUE,3,2002-09-02T18:12:17,9,34.39
IV-000000057,PT-000149,AP-0010,,SU-004,RECEIPT,34,2002-08-26T16:35:57,34,15.1
IV-000000058,PT-000149,AP-0010,WO-000000045,,ISSUE,1,2002-09-02T19:08:29,33,15.1
IV-000000059,PT-000152,AP-0005,,SU-004,RECEIPT,52,2002-03-15T07:36:39,52,17.72
IV-000000060,PT-000152,AP-0005,WO-000000046,,ISSUE,2,2002-04-05T01:30:22,50,17.72
IV-000000061,PT-000154,AP-0004,,SU-003,RECEIPT,35,2013-11-20T12:28:23,35,6011.07
IV-000000062,PT-000154,AP-0004,WO-000000048,,ISSUE,2,2014-01-19T02:11:46,33,6011.07
IV-000000063,PT-000154,AP-0004,,SU-003,RECEIPT,5,2014-01-19T15:52:10,38,6011.07
IV-000000064,PT-000114,AP-0003,,SU-004,RECEIPT,29,2020-08-25T09:51:49,29,872.97
IV-000000065,PT-000114,AP-0003,WO-000000049,,ISSUE,1,2020-08-30T14:16:27,28,872.97
IV-000000066,PT-000089,AP-0008,,SU-002,RECEIPT,52,2025-03-15T12:57:05,52,20.47
IV-000000067,PT-000089,AP-0008,WO-000000050,,ISSUE,2,2024-04-29T03:26:50,50,20.47
IV-000000068,PT-000004,AP-0002,,SU-004,RECEIPT,42,2016-11-17T23:58:32,42,6.28
IV-000000069,PT-000004,AP-0002,WO-000000051,,ISSUE,3,2016-12-15T22:27:39,39,6.28
IV-000000070,PT-000108,AP-0008,,SU-002,RECEIPT,43,2009-08-16T01:32:01,43,41.51
IV-000000071,PT-000108,AP-0008,WO-000000052,,ISSUE,2,2009-09-27T12:17:19,41,41.51
IV-000000072,PT-000014,AP-0009,,SU-003,RECEIPT,14,2009-05-19T20:07:08,14,14675.78
IV-000000073,PT-000014,AP-0009,WO-000000053,,ISSUE,3,2009-06-06T06:49:46,11,14675.78
IV-000000074,PT-000148,AP-0001,,SU-004,RECEIPT,47,2007-01-14T02:39:14,47,2837.37
IV-000000075,PT-000148,AP-0001,WO-000000055,,ISSUE,2,2007-02-03T06:32:18,45,2837.37
IV-000000076,PT-000148,AP-0001,,SU-002,RECEIPT,7,2007-02-04T06:35:37,52,2837.37
IV-000000077,PT-000080,AP-0006,,SU-004,RECEIPT,27,2009-04-22T13:07:50,27,32.02
IV-000000078,PT-000080,AP-0006,WO-000000058,,ISSUE,1,2009-06-17T15:43:18,26,32.02
IV-000000079,PT-000104,AP-0006,,SU-004,RECEIPT,37,2009-04-29T02:14:18,37,53.89
IV-000000080,PT-000104,AP-0006,WO-000000059,,ISSUE,3,2009-06-17T16:06:39,34,53.89
IV-000000081,PT-000057,AP-0003,,SU-004,RECEIPT,5,2012-10-04T07:06:19,5,8.45
IV-000000082,PT-000057,AP-0003,WO-000000063,,ISSUE,1,2012-11-08T06:26:24,4,8.45
IV-000000083,PT-000057,AP-0003,,SU-001,RECEIPT,36,2012-11-15T18:28:02,40,8.45
IV-000000084,PT-000057,AP-0003,WO-000000350,,ISSUE,2,2021-05-09T01:35:12,38,8.45
IV-000000085,PT-000031,AP-0009,,SU-001,RECEIPT,25,2022-11-13T23:34:37,25,2267.78
IV-000000086,PT-000031,AP-0009,WO-000000065,,ISSUE,3,2022-11-30T01:40:14,22,2267.78
IV-000000087,PT-000031,AP-0009,,SU-003,RECEIPT,18,2022-12-09T20:27:45,40,2267.78
IV-000000088,PT-000042,AP-0012,,SU-003,RECEIPT,7,2013-11-12T12:10:35,7,
IV-000000089,PT-000042,AP-0012,WO-000000066,,ISSUE,2,2013-12-13T04:00:38,5,33.5
IV-000000090,PT-000143,AP-0001,,SU-003,RECEIPT,37,2009-01-25T03:01:39,37,38.0
IV-000000091,PT-000143,AP-0001,WO-000000068,,ISSUE,2,2009-03-16T16:17:57,35,38.0
IV-000000092,PT-000143,AP-0001,,SU-001,RECEIPT,5,2009-03-27T03:09:21,40,38.0
IV-000000093,PT-000124,AP-0013,,SU-003,RECEIPT,51,2021-03-17T02:06:32,51,28.75
IV-000000094,PT-000124,AP-0013,WO-000000069,,ISSUE,3,2021-04-17T04:49:01,48,28.75
IV-000000095,PT-000126,AP-0005,,SU-002,RECEIPT,12,2006-08-14T15:41:21,12,19.6
IV-000000096,PT-000126,AP-0005,WO-000000070,,ISSUE,1,2006-09-13T15:42:48,11,19.6
IV-000000097,PT-000126,AP-0005,,SU-001,RECEIPT,17,2006-09-20T03:32:58,28,19.6
IV-000000098,PT-000025,AP-0002,,SU-001,RECEIPT,6,2021-10-06T17:24:44,6,9641.24
IV-000000099,PT-000025,AP-0002,WO-000000074,,ISSUE,1,2021-11-10T10:07:06,5,9641.24
IV-000000100,PT-000019,AP-0013,,SU-002,RECEIPT,23,2018-07-02T15:34:26,23,1729.42
IV-000000101,PT-000019,AP-0013,WO-000000075,,ISSUE,2,2018-08-29T23:47:23,21,1729.42
IV-000000102,PT-000023,AP-0006,,SU-002,RECEIPT,59,2023-03-26T19:24:04,59,11.21
IV-000000103,PT-000023,AP-0006,WO-000000077,,ISSUE,3,2023-05-13T02:04:14,56,11.21
IV-000000104,PT-000023,AP-0006,,SU-002,RECEIPT,15,2023-05-13T14:04:14,71,11.21
IV-000000105,PT-000087,AP-0007,,SU-003,RECEIPT,35,2019-10-07T07:16:56,35,12.34
IV-000000106,PT-000087,AP-0007,WO-000000078,,ISSUE,1,2019-10-13T05:12:18,34,12.34
IV-000000107,PT-000087,AP-0007,,SU-003,RECEIPT,13,2019-10-13T17:12:18,47,12.34
IV-000000108,PT-000121,AP-0012,,SU-001,RECEIPT,59,2003-07-17T23:37:02,59,14.66
IV-000000109,PT-000121,AP-0012,WO-000000081,,ISSUE,1,2003-07-28T10:42:46,58,14.66
IV-000000110,PT-000027,AP-0015,,SU-001,RECEIPT,6,2014-11-26T02:12:10,6,
IV-000000111,PT-000027,AP-0015,WO-000000087,,ISSUE,1,2014-12-14T13:46:54,5,38.23
IV-000000112,PT-000075,AP-0009,,SU-004,RECEIPT,22,2023-01-01T10:09:49,22,1851.45
IV-000000113,PT-000075,AP-0009,WO-000000089,,ISSUE,3,2023-01-16T12:55:10,19,1851.45
IV-000000114,PT-000068,AP-0003,,SU-001,RECEIPT,15,2016-02-20T12:20:13,15,1426.59
IV-000000115,PT-000068,AP-0003,WO-000000092,,ISSUE,1,2016-03-29T07:45:40,14,1426.59
IV-000000116,PT-000068,AP-0003,,SU-004,RECEIPT,20,2016-03-31T01:53:13,34,1426.59
IV-000000117,PT-000040,AP-0011,,SU-004,RECEIPT,21,2007-01-09T17:31:48,21,39.83
IV-000000118,PT-000040,AP-0011,WO-000000093,,ISSUE,3,2007-02-28T14:14:28,18,39.83
IV-000000119,PT-000040,AP-0011,,SU-001,RECEIPT,39,2007-03-07T07:20:59,57,39.83
IV-000000120,PT-000146,AP-0015,,SU-004,RECEIPT,20,2008-05-26T22:51:19,20,25.2
IV-000000121,PT-000146,AP-0015,WO-000000094,,ISSUE,2,2008-06-22T08:03:30,18,25.2
IV-000000122,PT-000034,AP-0001,WO-000000305,,ISSUE,1,2021-10-20T16:49:34,0,21.52
IV-000000123,PT-000034,AP-0001,,SU-001,RECEIPT,11,2022-06-23T03:40:34,11,21.52
IV-000000124,PT-000034,AP-0001,WO-000000096,,ISSUE,2,2022-07-02T06:51:16,9,21.52
IV-000000125,PT-000082,AP-0001,,SU-002,RECEIPT,48,2022-06-22T11:19:32,48,4.99
IV-000000126,PT-000082,AP-0001,WO-000000097,,ISSUE,3,2022-07-02T06:20:47,45,4.99
IV-000000127,PT-000146,AP-0003,,SU-003,RECEIPT,32,2021-04-09T11:44:01,32,25.2
IV-000000128,PT-000146,AP-0003,WO-000000098,,ISSUE,2,2021-04-24T13:14:56,30,25.2
IV-000000129,PT-000146,AP-0003,,SU-001,RECEIPT,19,2021-05-01T13:17:57,49,25.2
IV-000000130,PT-000057,AP-0014,,SU-001,RECEIPT,15,2004-03-14T01:51:27,15,8.45
IV-000000131,PT-000057,AP-0014,WO-000000099,,ISSUE,1,2004-04-06T02:46:33,14,8.45
IV-000000132,PT-000057,AP-0014,,SU-002,RECEIPT,28,2004-04-19T23:17:39,42,8.45
IV-000000133,PT-000022,AP-0004,,SU-002,RECEIPT,52,2009-01-08T19:19:30,52,669.25
IV-000000134,PT-000022,AP-0004,WO-000000100,,ISSUE,2,2009-02-16T20:38:39,50,669.25
IV-000000135,PT-000022,AP-0004,,SU-001,RECEIPT,15,2009-02-27T18:21:03,65,669.25
IV-000000136,PT-000005,AP-0002,,SU-001,RECEIPT,46,2026-03-01T13:56:33,46,630.13
IV-000000137,PT-000005,AP-0002,WO-000000102,,ISSUE,3,2026-03-18T03:38:16,43,630.13
IV-000000138,PT-000061,AP-0003,,SU-003,RECEIPT,14,2023-11-06T13:26:24,14,7.3
IV-000000139,PT-000061,AP-0003,WO-000000103,,ISSUE,1,2023-11-22T03:26:32,13,7.3
IV-000000140,PT-000061,AP-0003,,SU-003,RECEIPT,30,2023-11-29T04:45:13,43,7.3
IV-000000141,PT-000101,AP-0014,,SU-003,RECEIPT,23,2002-03-29T18:00:04,23,15446.13
IV-000000142,PT-000101,AP-0014,WO-000000106,,ISSUE,3,2002-05-21T12:31:01,20,15446.13
IV-000000143,PT-000101,AP-0014,,SU-004,RECEIPT,21,2002-05-29T23:19:22,41,15446.13
IV-000000144,PT-000043,AP-0009,,SU-004,RECEIPT,37,2011-09-24T10:54:29,37,13.18
IV-000000145,PT-000043,AP-0009,WO-000000110,,ISSUE,3,2011-10-30T00:54:05,34,13.18
IV-000000146,PT-000043,AP-0009,,SU-003,RECEIPT,19,2011-11-11T19:56:52,53,13.18
IV-000000147,PT-000120,AP-0009,,SU-003,RECEIPT,6,2022-04-21T20:07:28,6,713.55
IV-000000148,PT-000120,AP-0009,WO-000000112,,ISSUE,2,2022-05-09T04:39:21,4,713.55
IV-000000149,PT-000114,AP-0009,,SU-004,RECEIPT,11,2022-04-12T19:55:13,11,872.97
IV-000000150,PT-000114,AP-0009,WO-000000113,,ISSUE,1,2022-05-09T04:21:13,10,872.97
IV-000000151,PT-000114,AP-0009,,SU-004,RECEIPT,32,2022-05-14T15:24:25,42,872.97
IV-000000152,PT-000075,AP-0015,,SU-002,RECEIPT,55,2010-10-30T18:42:33,55,1851.45
IV-000000153,PT-000075,AP-0015,WO-000000114,,ISSUE,2,2010-11-28T15:18:24,53,1851.45
IV-000000154,PT-000075,AP-0015,WO-000000198,,ISSUE,3,2020-09-14T11:16:01,50,1851.45
IV-000000155,PT-000121,AP-0015,,SU-001,RECEIPT,9,2010-11-06T12:06:14,9,14.66
IV-000000156,PT-000121,AP-0015,WO-000000116,,ISSUE,2,2010-11-28T15:42:43,7,14.66
IV-000000157,PT-000119,AP-0015,,SU-004,RECEIPT,8,2010-10-23T18:51:02,8,24.5
IV-000000158,PT-000119,AP-0015,WO-000000117,,ISSUE,3,2010-11-28T16:26:48,5,24.5
IV-000000159,PT-000119,AP-0015,,SU-002,RECEIPT,31,2010-12-11T00:40:12,36,24.5
IV-000000160,PT-000142,AP-0008,,SU-002,RECEIPT,38,2012-04-28T01:37:29,38,8.03
IV-000000161,PT-000142,AP-0008,WO-000000118,,ISSUE,2,2012-05-15T21:49:26,36,8.03
IV-000000162,PT-000133,AP-0008,,SU-004,RECEIPT,39,2012-03-22T13:41:46,39,14.33
IV-000000163,PT-000133,AP-0008,WO-000000119,,ISSUE,1,2012-05-15T22:08:38,38,14.33
IV-000000164,PT-000135,AP-0002,,SU-003,RECEIPT,38,2006-07-06T03:34:19,38,21.62
IV-000000165,PT-000135,AP-0002,WO-000000123,,ISSUE,1,2006-08-04T17:21:26,37,21.62
IV-000000166,PT-000135,AP-0002,,SU-004,RECEIPT,11,2006-08-12T12:48:08,48,21.62
IV-000000167,PT-000064,AP-0002,,SU-003,RECEIPT,39,2006-07-01T23:18:05,39,36.27
IV-000000168,PT-000064,AP-0002,WO-000000124,,ISSUE,2,2006-08-04T17:30:51,37,36.27
IV-000000169,PT-000074,AP-0002,,SU-002,RECEIPT,56,2006-06-15T12:39:41,56,3089.95
IV-000000170,PT-000074,AP-0002,WO-000000125,,ISSUE,1,2006-08-04T17:37:23,55,3089.95
IV-000000171,PT-000074,AP-0002,,SU-001,RECEIPT,24,2006-08-12T15:12:21,79,3089.95
IV-000000172,PT-000153,AP-0002,,SU-004,RECEIPT,51,2006-06-15T06:32:47,51,46.16
IV-000000173,PT-000153,AP-0002,WO-000000127,,ISSUE,1,2006-08-04T17:51:28,50,46.16
IV-000000174,PT-000153,AP-0002,,SU-004,RECEIPT,39,2006-08-11T21:14:58,89,46.16
IV-000000175,PT-000020,AP-0002,,SU-004,RECEIPT,28,2006-06-27T09:45:54,28,96.8
IV-000000176,PT-000020,AP-0002,WO-000000128,,ISSUE,2,2006-08-04T17:28:49,26,96.8
IV-000000177,PT-000077,AP-0002,,SU-001,RECEIPT,41,2006-07-20T11:37:42,41,21264.55
IV-000000178,PT-000077,AP-0002,WO-000000130,,ISSUE,2,2006-08-04T17:13:12,39,21264.55
IV-000000179,PT-000111,AP-0015,,SU-004,RECEIPT,16,2025-10-11T23:25:53,16,25.89
IV-000000180,PT-000111,AP-0015,WO-000000131,,ISSUE,1,2025-12-07T05:24:23,15,
IV-000000181,PT-000069,AP-0001,,SU-001,RECEIPT,57,2008-05-08T20:05:18,57,24.09
IV-000000182,PT-000069,AP-0001,WO-000000132,,ISSUE,2,2008-06-03T11:54:53,55,24.09
IV-000000183,PT-000069,AP-0001,,SU-003,RECEIPT,18,2008-06-12T09:37:07,73,24.09
IV-000000184,PT-000003,AP-0008,,SU-003,RECEIPT,39,2013-10-26T23:36:55,39,10.48
IV-000000185,PT-000003,AP-0008,WO-000000136,,ISSUE,1,2013-11-25T06:02:09,38,10.48
IV-000000186,PT-000003,AP-0008,,SU-002,RECEIPT,15,2013-12-01T12:57:54,53,10.48
IV-000000187,PT-000132,AP-0011,,SU-002,RECEIPT,20,2015-07-19T10:56:30,20,16.87
IV-000000188,PT-000132,AP-0011,WO-000000139,,ISSUE,3,2015-08-19T04:45:34,17,16.87
IV-000000189,PT-000132,AP-0011,,SU-004,RECEIPT,24,2015-08-25T08:21:35,41,16.87
IV-000000190,PT-000026,AP-0011,,SU-004,RECEIPT,41,2015-08-06T16:14:34,41,16.31
IV-000000191,PT-000026,AP-0011,WO-000000140,,ISSUE,1,2015-08-19T04:47:54,40,16.31
IV-000000192,PT-000026,AP-0011,,SU-004,RECEIPT,31,2015-08-28T11:31:36,71,
IV-000000193,PT-000128,AP-0011,,SU-002,RECEIPT,44,2015-07-04T07:09:38,44,56.55
IV-000000194,PT-000128,AP-0011,WO-000000143,,ISSUE,3,2015-08-19T05:10:46,41,56.55
IV-000000195,PT-000129,AP-0011,WO-000000257,,ISSUE,1,2013-03-04T12:15:15,0,13026.69
IV-000000196,PT-000129,AP-0011,,SU-004,RECEIPT,33,2013-03-13T14:05:53,33,13026.69
IV-000000197,PT-000129,AP-0011,,SU-003,RECEIPT,52,2015-07-06T21:31:11,85,13026.69
IV-000000198,PT-000129,AP-0011,WO-000000146,,ISSUE,1,2015-08-19T05:02:07,84,13026.69
IV-000000199,PT-000078,AP-0014,,SU-004,RECEIPT,57,2012-10-02T02:08:46,57,10.04
IV-000000200,PT-000078,AP-0014,WO-000000148,,ISSUE,3,2012-11-30T12:06:02,54,10.04
IV-000000201,PT-000128,AP-0014,,SU-004,RECEIPT,56,2019-10-09T09:49:02,56,56.55
IV-000000202,PT-000128,AP-0014,WO-000000153,,ISSUE,3,2019-11-20T21:50:26,53,56.55
IV-000000203,PT-000128,AP-0014,,SU-003,RECEIPT,35,2019-11-21T09:50:26,88,56.55
IV-000000204,PT-000153,AP-0015,,SU-002,RECEIPT,32,2026-05-05T00:24:04,32,46.16
IV-000000205,PT-000153,AP-0015,WO-000000154,,ISSUE,2,2026-06-02T08:59:19,30,46.16
IV-000000206,PT-000056,AP-0001,,SU-003,RECEIPT,47,2018-07-26T01:44:30,47,46.89
IV-000000207,PT-000056,AP-0001,WO-000000155,,ISSUE,3,2018-09-23T02:38:39,44,46.89
IV-000000208,PT-000076,AP-0011,,SU-002,RECEIPT,5,2021-08-05T22:58:34,5,1298.89
IV-000000209,PT-000076,AP-0011,WO-000000156,,ISSUE,3,2021-08-30T11:46:20,2,1298.89
IV-000000210,PT-000137,AP-0011,,SU-001,RECEIPT,35,2021-07-06T20:59:09,35,31560.9
IV-000000211,PT-000137,AP-0011,WO-000000157,,ISSUE,3,2021-08-30T11:47:06,32,31560.9
IV-000000212,PT-000102,AP-0011,,SU-002,RECEIPT,14,2021-08-23T00:56:09,14,24137.0
IV-000000213,PT-000102,AP-0011,WO-000000158,,ISSUE,2,2021-08-30T11:43:09,12,24137.0
IV-000000214,PT-000069,AP-0011,,SU-004,RECEIPT,14,2021-08-17T23:38:27,14,24.09
IV-000000215,PT-000069,AP-0011,WO-000000159,,ISSUE,2,2021-08-30T12:11:09,12,24.09
IV-000000216,PT-000069,AP-0011,,SU-001,RECEIPT,10,2021-09-07T00:54:15,22,24.09
IV-000000217,PT-000085,AP-0011,,SU-002,RECEIPT,10,2021-07-18T04:25:40,10,12.6
IV-000000218,PT-000085,AP-0011,WO-000000160,,ISSUE,1,2021-08-30T12:09:38,9,12.6
IV-000000219,PT-000049,AP-0011,,SU-001,RECEIPT,7,2021-07-31T14:37:10,7,40.4
IV-000000220,PT-000049,AP-0011,WO-000000162,,ISSUE,2,2021-08-30T12:04:33,5,40.4
IV-000000221,PT-000080,AP-0011,,SU-003,RECEIPT,56,2021-08-09T10:03:27,56,32.02
IV-000000222,PT-000080,AP-0011,WO-000000163,,ISSUE,1,2021-08-30T12:29:15,55,32.02
IV-000000223,PT-000117,AP-0011,,SU-003,RECEIPT,9,2021-07-26T02:11:21,9,17.09
IV-000000224,PT-000117,AP-0011,WO-000000164,,ISSUE,2,2021-08-30T11:41:59,7,17.09
IV-000000225,PT-000117,AP-0011,,SU-001,RECEIPT,19,2021-09-09T09:42:31,26,17.09
IV-000000226,PT-000098,AP-0015,,SU-002,RECEIPT,43,2007-11-11T16:50:26,43,44.51
IV-000000227,PT-000098,AP-0015,WO-000000165,,ISSUE,2,2007-12-14T14:02:29,41,44.51
IV-000000228,PT-000098,AP-0015,,SU-002,RECEIPT,15,2007-12-21T14:21:42,56,44.51
IV-000000229,PT-000020,AP-0015,,SU-001,RECEIPT,16,2007-11-22T12:26:21,16,96.8
IV-000000230,PT-000020,AP-0015,WO-000000166,,ISSUE,1,2007-12-14T14:53:41,15,96.8
IV-000000231,PT-000129,AP-0004,,SU-004,RECEIPT,44,2024-10-07T03:35:48,44,13026.69
IV-000000232,PT-000129,AP-0004,WO-000000167,,ISSUE,1,2024-11-25T06:30:33,43,13026.69
IV-000000233,PT-000050,AP-0008,,SU-004,RECEIPT,31,2007-07-08T08:53:49,31,20.22
IV-000000234,PT-000050,AP-0008,WO-000000169,,ISSUE,1,2007-08-23T14:20:14,30,20.22
IV-000000235,PT-000050,AP-0008,,SU-003,RECEIPT,30,2007-08-29T05:26:39,60,20.22
IV-000000236,PT-000143,AP-0006,,SU-003,RECEIPT,48,2022-04-05T00:12:34,48,38.0
IV-000000237,PT-000143,AP-0006,WO-000000171,,ISSUE,3,2022-05-03T12:10:54,45,38.0
IV-000000238,PT-000135,AP-0006,,SU-001,RECEIPT,46,2022-03-21T18:13:35,46,21.62
IV-000000239,PT-000135,AP-0006,WO-000000173,,ISSUE,3,2022-05-03T12:14:46,43,21.62
IV-000000240,PT-000103,AP-0009,,SU-002,RECEIPT,47,2004-05-22T04:38:13,47,60820.37
IV-000000241,PT-000103,AP-0009,WO-000000176,,ISSUE,3,2004-06-24T09:18:26,44,60820.37
IV-000000242,PT-000103,AP-0009,,SU-004,RECEIPT,6,2004-06-26T03:42:33,50,60820.37
IV-000000243,PT-000128,AP-0010,,SU-003,RECEIPT,56,2009-01-27T13:09:11,56,56.55
IV-000000244,PT-000128,AP-0010,WO-000000178,,ISSUE,2,2009-03-24T22:23:04,54,56.55
IV-000000245,PT-000013,AP-0009,,SU-004,RECEIPT,23,2022-07-03T12:49:01,23,3457.77
IV-000000246,PT-000013,AP-0009,WO-000000179,,ISSUE,3,2022-07-31T08:17:06,20,3457.77
IV-000000247,PT-000141,AP-0014,,SU-004,RECEIPT,49,2013-12-02T18:59:28,49,14.86
IV-000000248,PT-000141,AP-0014,WO-000000181,,ISSUE,1,2013-12-10T14:48:45,48,14.86
IV-000000249,PT-000100,AP-0014,,SU-001,RECEIPT,16,2013-11-06T19:50:51,16,34.39
IV-000000250,PT-000100,AP-0014,WO-000000182,,ISSUE,3,2013-12-10T14:50:11,13,34.39
IV-000000251,PT-000090,AP-0014,,SU-004,RECEIPT,47,2013-10-25T16:48:41,47,24.45
IV-000000252,PT-000090,AP-0014,WO-000000183,,ISSUE,2,2013-12-10T15:28:02,45,24.45
IV-000000253,PT-000090,AP-0014,,SU-004,RECEIPT,15,2013-12-19T23:20:21,60,24.45
IV-000000254,PT-000037,AP-0014,,SU-002,RECEIPT,25,2013-12-01T19:01:12,25,2047.48
IV-000000255,PT-000037,AP-0014,WO-000000184,,ISSUE,3,2013-12-10T14:43:57,22,2047.48
IV-000000256,PT-000037,AP-0014,,SU-003,RECEIPT,16,2013-12-20T22:12:55,38,
IV-000000257,PT-000052,AP-0007,,SU-003,RECEIPT,5,2021-08-25T15:15:21,5,12.03
IV-000000258,PT-000052,AP-0007,WO-000000189,,ISSUE,1,2021-10-13T20:24:21,4,12.03
IV-000000259,PT-000085,AP-0008,,SU-001,RECEIPT,42,2020-10-23T20:29:54,42,12.6
IV-000000260,PT-000085,AP-0008,WO-000000191,,ISSUE,2,2020-12-13T17:55:25,40,12.6
IV-000000261,PT-000063,AP-0001,,SU-003,RECEIPT,41,2020-09-23T19:45:17,41,15733.69
IV-000000262,PT-000063,AP-0001,WO-000000192,,ISSUE,2,2020-10-21T06:29:56,39,15733.69
IV-000000263,PT-000011,AP-0015,,SU-002,RECEIPT,42,2020-08-08T14:36:32,42,14277.04
IV-000000264,PT-000011,AP-0015,WO-000000194,,ISSUE,3,2020-09-14T10:39:15,39,14277.04
IV-000000265,PT-000104,AP-0015,,SU-003,RECEIPT,6,2020-08-27T19:01:55,6,53.89
IV-000000266,PT-000104,AP-0015,WO-000000195,,ISSUE,2,2020-09-14T10:55:04,4,53.89
IV-000000267,PT-000140,AP-0015,,SU-003,RECEIPT,26,2020-07-18T05:46:49,26,13.08
IV-000000268,PT-000140,AP-0015,WO-000000196,,ISSUE,1,2020-09-14T10:42:12,25,13.08
IV-000000269,PT-000140,AP-0015,,SU-001,RECEIPT,34,2020-09-22T21:23:45,59,13.08
IV-000000270,PT-000118,AP-0015,,SU-003,RECEIPT,34,2020-07-27T23:08:37,34,4245.31
IV-000000271,PT-000118,AP-0015,WO-000000197,,ISSUE,3,2020-09-14T11:22:56,31,4245.31
IV-000000272,PT-000118,AP-0015,,SU-004,RECEIPT,5,2020-09-16T07:51:29,36,4245.31
IV-000000273,PT-000122,AP-0015,,SU-003,RECEIPT,9,2020-07-30T20:57:33,9,15.82
IV-000000274,PT-000122,AP-0015,WO-000000200,,ISSUE,2,2020-09-14T11:21:01,7,15.82
IV-000000275,PT-000153,AP-0013,,SU-002,RECEIPT,56,2001-11-08T23:19:55,56,46.16
IV-000000276,PT-000153,AP-0013,WO-000000203,,ISSUE,3,2001-11-29T00:27:56,53,46.16
IV-000000277,PT-000153,AP-0013,,,ADJUSTMENT,2,2001-11-29T01:27:56,55,46.16
IV-000000278,PT-000153,AP-0013,,SU-002,RECEIPT,5,2001-12-02T18:38:31,60,46.16
IV-000000279,PT-000120,AP-0013,,SU-004,RECEIPT,39,2001-10-10T08:04:36,39,713.55
IV-000000280,PT-000120,AP-0013,WO-000000205,,ISSUE,3,2001-11-29T00:51:19,36,713.55
IV-000000281,PT-000120,AP-0013,,SU-004,RECEIPT,28,2001-12-10T15:35:01,64,713.55
IV-000000282,PT-000094,AP-0010,,SU-001,RECEIPT,27,2020-03-23T07:46:58,27,15857.89
IV-000000283,PT-000094,AP-0010,WO-000000206,,ISSUE,3,2020-04-06T16:09:49,24,15857.89
IV-000000284,PT-000094,AP-0010,,SU-004,RECEIPT,7,2020-04-11T02:50:22,31,15857.89
IV-000000285,PT-000058,AP-0010,,SU-001,RECEIPT,33,2020-02-28T14:07:20,33,52.0
IV-000000286,PT-000058,AP-0010,WO-000000207,,ISSUE,2,2020-04-06T17:01:59,31,52.0
IV-000000287,PT-000120,AP-0011,,SU-001,RECEIPT,56,2022-01-09T05:11:50,56,713.55
IV-000000288,PT-000120,AP-0011,WO-000000210,,ISSUE,3,2022-02-18T15:06:44,53,713.55
IV-000000289,PT-000005,AP-0003,,SU-001,RECEIPT,49,2015-03-12T09:20:02,49,630.13
IV-000000290,PT-000005,AP-0003,WO-000000211,,ISSUE,2,2015-05-07T20:10:36,47,630.13
IV-000000291,PT-000140,AP-0012,,SU-001,RECEIPT,23,2020-01-10T09:23:30,23,13.08
IV-000000292,PT-000140,AP-0012,WO-000000214,,ISSUE,3,2020-01-26T07:39:54,20,13.08
IV-000000293,PT-000140,AP-0012,,SU-002,RECEIPT,7,2020-02-03T08:34:33,27,13.08
IV-000000294,PT-000039,AP-0015,,SU-002,RECEIPT,6,2016-04-18T23:25:49,6,32.98
IV-000000295,PT-000039,AP-0015,WO-000000219,,ISSUE,2,2016-05-02T19:56:51,4,32.98
IV-000000296,PT-000039,AP-0015,,SU-003,RECEIPT,39,2016-05-10T13:04:01,43,32.98
IV-000000297,PT-000023,AP-0007,,SU-002,RECEIPT,48,2012-04-13T23:22:29,48,11.21
IV-000000298,PT-000023,AP-0007,WO-000000222,,ISSUE,1,2012-06-09T12:35:16,47,11.21
IV-000000299,PT-000035,AP-0015,,SU-002,RECEIPT,42,2008-07-27T08:15:11,42,20453.55
IV-000000300,PT-000035,AP-0015,WO-000000223,,ISSUE,1,2008-09-22T14:20:45,41,20453.55
IV-000000301,PT-000069,AP-0015,,SU-003,RECEIPT,58,2023-12-21T14:15:27,58,24.09
IV-000000302,PT-000069,AP-0015,WO-000000225,,ISSUE,1,2024-01-23T04:07:10,57,24.09
IV-000000303,PT-000063,AP-0015,,SU-002,RECEIPT,54,2023-11-30T03:35:42,54,15733.69
IV-000000304,PT-000063,AP-0015,WO-000000226,,ISSUE,3,2024-01-23T04:05:51,51,15733.69
IV-000000305,PT-000018,AP-0015,,SU-004,RECEIPT,37,2023-12-18T00:22:41,37,919.59
IV-000000306,PT-000018,AP-0015,WO-000000227,,ISSUE,1,2024-01-23T05:00:53,36,919.59
IV-000000307,PT-000018,AP-0015,,SU-002,RECEIPT,17,2024-01-27T15:05:22,53,919.59
IV-000000308,PT-000106,AP-0013,,SU-002,RECEIPT,57,2016-12-03T17:32:11,57,11.87
IV-000000309,PT-000106,AP-0013,WO-000000228,,ISSUE,3,2017-01-01T16:04:01,54,11.87
IV-000000310,PT-000079,AP-0004,,SU-004,RECEIPT,35,2023-10-08T14:12:35,35,13.42
IV-000000311,PT-000079,AP-0004,WO-000000233,,ISSUE,2,2023-10-14T19:53:23,33,13.42
IV-000000312,PT-000079,AP-0004,,SU-004,RECEIPT,22,2023-10-21T13:34:32,55,13.42
IV-000000313,PT-000062,AP-0002,,SU-004,RECEIPT,39,2014-05-22T22:21:16,39,57.82
IV-000000314,PT-000062,AP-0002,WO-000000236,,ISSUE,2,2015-06-10T06:59:17,37,57.82
IV-000000315,PT-000062,AP-0002,,SU-003,RECEIPT,7,2015-06-15T07:33:41,44,57.82
IV-000000316,PT-000134,AP-0008,,SU-002,RECEIPT,55,2002-01-20T15:05:51,55,7670.47
IV-000000317,PT-000134,AP-0008,WO-000000237,,ISSUE,3,2002-02-19T21:25:14,52,7670.47
IV-000000318,PT-000134,AP-0008,,SU-002,RECEIPT,26,2002-02-24T23:50:33,78,7670.47
IV-000000319,PT-000080,AP-0015,,SU-002,RECEIPT,18,2004-07-19T19:03:17,18,32.02
IV-000000320,PT-000080,AP-0015,WO-000000242,,ISSUE,1,2004-08-19T07:37:57,17,32.02
IV-000000321,PT-000080,AP-0015,,SU-001,RECEIPT,15,2004-08-25T21:01:47,32,32.02
IV-000000322,PT-000109,AP-0005,,SU-004,RECEIPT,49,2017-05-27T05:07:14,49,14188.29
IV-000000323,PT-000109,AP-0005,WO-000000244,,ISSUE,1,2017-07-10T09:35:05,48,14188.29
IV-000000324,PT-000134,AP-0005,,SU-004,RECEIPT,8,2009-08-11T07:56:11,8,7670.47
IV-000000325,PT-000134,AP-0005,WO-000000245,,ISSUE,1,2009-09-24T11:11:36,7,7670.47
IV-000000326,PT-000070,AP-0010,,SU-003,RECEIPT,21,2005-02-11T09:25:51,21,44.48
IV-000000327,PT-000070,AP-0010,WO-000000249,,ISSUE,3,2005-03-03T21:42:12,18,44.48
IV-000000328,PT-000009,AP-0005,,SU-001,RECEIPT,12,2018-02-06T05:03:59,12,29.78
IV-000000329,PT-000009,AP-0005,WO-000000251,,ISSUE,3,2018-03-13T00:33:46,9,29.78
IV-000000330,PT-000079,AP-0005,,SU-003,RECEIPT,48,2018-01-19T07:49:04,48,13.42
IV-000000331,PT-000079,AP-0005,WO-000000252,,ISSUE,3,2018-03-13T00:57:00,45,13.42
IV-000000332,PT-000028,AP-0005,,SU-004,RECEIPT,16,2018-01-21T15:43:58,16,42.95
IV-000000333,PT-000028,AP-0005,WO-000000253,,ISSUE,3,2018-03-13T01:26:30,13,42.95
IV-000000334,PT-000126,AP-0006,,SU-002,RECEIPT,46,2021-01-25T16:03:24,46,19.6
IV-000000335,PT-000126,AP-0006,WO-000000254,,ISSUE,3,2021-03-09T02:59:06,43,19.6
IV-000000336,PT-000052,AP-0003,,SU-002,RECEIPT,41,2025-06-20T00:27:06,41,12.03
IV-000000337,PT-000052,AP-0003,WO-000000255,,ISSUE,1,2025-08-06T17:00:46,40,12.03
IV-000000338,PT-000048,AP-0010,,SU-002,RECEIPT,54,2023-01-19T04:15:51,54,33.81
IV-000000339,PT-000048,AP-0010,WO-000000256,,ISSUE,3,2023-03-16T20:51:59,51,33.81
IV-000000340,PT-000031,AP-0011,,SU-004,RECEIPT,30,2013-02-15T16:18:23,30,2267.78
IV-000000341,PT-000031,AP-0011,WO-000000258,,ISSUE,1,2013-03-04T13:25:19,29,2267.78
IV-000000342,PT-000031,AP-0011,,SU-001,RECEIPT,38,2013-03-05T01:25:19,67,2267.78
IV-000000343,PT-000080,AP-0008,,SU-004,RECEIPT,32,2005-03-28T22:50:35,32,32.02
IV-000000344,PT-000080,AP-0008,WO-000000260,,ISSUE,3,2005-04-27T12:39:13,29,32.02
IV-000000345,PT-000084,AP-0008,,SU-001,RECEIPT,52,2005-03-16T00:52:51,52,1419.05
IV-000000346,PT-000084,AP-0008,WO-000000261,,ISSUE,2,2005-04-27T13:18:20,50,1419.05
IV-000000347,PT-000084,AP-0008,,SU-001,RECEIPT,29,2005-05-10T16:17:56,79,1419.05
IV-000000348,PT-000049,AP-0010,,SU-003,RECEIPT,20,2024-02-22T00:17:47,20,40.4
IV-000000349,PT-000049,AP-0010,WO-000000263,,ISSUE,3,2024-03-06T01:01:09,17,40.4
IV-000000350,PT-000049,AP-0010,,SU-004,RECEIPT,12,2024-03-11T13:24:32,29,40.4
IV-000000351,PT-000098,AP-0010,,SU-003,RECEIPT,56,2024-01-09T04:34:21,56,44.51
IV-000000352,PT-000098,AP-0010,WO-000000264,,ISSUE,1,2024-03-06T02:18:41,55,44.51
IV-000000353,PT-000085,AP-0006,,SU-002,RECEIPT,48,2011-11-15T16:39:04,48,12.6
IV-000000354,PT-000085,AP-0006,WO-000000265,,ISSUE,3,2011-12-10T06:42:50,45,12.6
IV-000000355,PT-000085,AP-0006,,SU-002,RECEIPT,5,2011-12-15T05:38:23,50,12.6
IV-000000356,PT-000072,AP-0006,,SU-003,RECEIPT,58,2011-11-05T08:00:06,58,9536.45
IV-000000357,PT-000072,AP-0006,WO-000000266,,ISSUE,2,2011-12-10T07:20:06,56,9536.45
IV-000000358,PT-000011,AP-0007,,SU-001,RECEIPT,28,2020-03-27T05:21:58,28,14277.04
IV-000000359,PT-000011,AP-0007,WO-000000269,,ISSUE,3,2020-05-02T09:50:19,25,14277.04
IV-000000360,PT-000011,AP-0007,,SU-003,RECEIPT,5,2020-05-12T01:32:03,30,14277.04
IV-000000361,PT-000039,AP-0007,,SU-003,RECEIPT,52,2020-03-21T13:10:38,52,32.98
IV-000000362,PT-000039,AP-0007,WO-000000270,,ISSUE,1,2020-05-02T10:14:16,51,32.98
IV-000000363,PT-000039,AP-0007,,SU-001,RECEIPT,36,2020-05-06T10:59:43,87,32.98
IV-000000364,PT-000004,AP-0007,,SU-001,RECEIPT,32,2020-04-14T23:16:55,32,6.28
IV-000000365,PT-000004,AP-0007,WO-000000275,,ISSUE,1,2020-05-02T09:57:34,31,6.28
IV-000000366,PT-000138,AP-0014,,SU-001,RECEIPT,6,2013-02-12T06:04:52,6,19.68
IV-000000367,PT-000138,AP-0014,WO-000000280,,ISSUE,2,2013-02-19T01:29:34,4,19.68
IV-000000368,PT-000013,AP-0008,,SU-004,RECEIPT,18,2011-05-14T05:05:47,18,3457.77
IV-000000369,PT-000013,AP-0008,WO-000000282,,ISSUE,2,2011-05-24T10:01:38,16,3457.77
IV-000000370,PT-000095,AP-0008,,SU-003,RECEIPT,35,2011-04-27T11:29:39,35,5149.21
IV-000000371,PT-000095,AP-0008,WO-000000283,,ISSUE,3,2011-05-24T10:10:57,32,5149.21
IV-000000372,PT-000095,AP-0008,,SU-001,RECEIPT,7,2011-05-28T22:40:29,39,5149.21
IV-000000373,PT-000123,AP-0008,,SU-001,RECEIPT,52,2011-05-11T19:28:07,52,12348.67
IV-000000374,PT-000123,AP-0008,WO-000000286,,ISSUE,3,2011-05-24T10:25:13,49,12348.67
IV-000000375,PT-000046,AP-0008,,SU-001,RECEIPT,22,2011-03-25T19:32:52,22,33.81
IV-000000376,PT-000046,AP-0008,WO-000000287,,ISSUE,2,2011-05-24T10:52:56,20,33.81
IV-000000377,PT-000154,AP-0008,,SU-003,RECEIPT,12,2011-05-01T10:04:12,12,6011.07
IV-000000378,PT-000154,AP-0008,WO-000000288,,ISSUE,1,2011-05-24T11:13:19,11,6011.07
IV-000000379,PT-000154,AP-0008,,SU-002,RECEIPT,37,2011-05-24T23:13:19,48,6011.07
IV-000000380,PT-000055,AP-0008,,SU-003,RECEIPT,9,2011-05-18T02:01:48,9,12.4
IV-000000381,PT-000055,AP-0008,WO-000000289,,ISSUE,3,2011-05-24T10:45:14,6,12.4
IV-000000382,PT-000070,AP-0014,,SU-002,RECEIPT,56,2007-11-16T06:21:32,56,44.48
IV-000000383,PT-000070,AP-0014,WO-000000290,,ISSUE,3,2007-12-07T07:54:06,53,44.48
IV-000000384,PT-000116,AP-0014,,SU-004,RECEIPT,59,2007-10-29T14:31:12,59,18891.67
IV-000000385,PT-000116,AP-0014,WO-000000291,,ISSUE,1,2007-12-07T07:54:46,58,18891.67
IV-000000386,PT-000067,AP-0010,,SU-001,RECEIPT,12,2010-12-17T18:40:31,12,13.84
IV-000000387,PT-000067,AP-0010,WO-000000293,,ISSUE,1,2011-01-09T19:58:00,11,13.84
IV-000000388,PT-000067,AP-0010,,SU-003,RECEIPT,35,2011-01-17T18:42:00,46,13.84
IV-000000389,PT-000114,AP-0011,,SU-002,RECEIPT,53,2021-10-03T20:18:37,53,872.97
IV-000000390,PT-000114,AP-0011,WO-000000294,,ISSUE,1,2021-11-27T07:15:04,52,872.97
IV-000000391,PT-000009,AP-0003,,SU-001,RECEIPT,23,2017-03-28T06:32:48,23,29.78
IV-000000392,PT-000009,AP-0003,WO-000000298,,ISSUE,1,2017-04-19T23:17:16,22,29.78
IV-000000393,PT-000083,AP-0015,,SU-002,RECEIPT,16,2006-04-28T06:05:26,16,17.96
IV-000000394,PT-000083,AP-0015,WO-000000299,,ISSUE,2,2006-05-20T19:11:59,14,17.96
IV-000000395,PT-000083,AP-0015,,SU-004,RECEIPT,27,2006-05-25T00:05:44,41,17.96
IV-000000396,PT-000071,AP-0008,,SU-002,RECEIPT,36,2009-06-15T01:51:57,36,44.04
IV-000000397,PT-000071,AP-0008,WO-000000300,,ISSUE,2,2009-07-05T03:03:19,34,44.04
IV-000000398,PT-000093,AP-0008,,SU-001,RECEIPT,48,2009-06-06T18:52:41,48,36.12
IV-000000399,PT-000093,AP-0008,WO-000000301,,ISSUE,1,2009-07-05T02:52:38,47,36.12
IV-000000400,PT-000056,AP-0014,,SU-003,RECEIPT,21,2018-06-29T16:13:26,21,46.89
IV-000000401,PT-000056,AP-0014,WO-000000304,,ISSUE,1,2018-08-08T09:28:10,20,46.89
IV-000000402,PT-000067,AP-0001,,SU-004,RECEIPT,25,2021-09-21T08:28:42,25,13.84
IV-000000403,PT-000067,AP-0001,WO-000000306,,ISSUE,3,2021-10-20T16:40:43,22,13.84
IV-000000404,PT-000067,AP-0001,,SU-002,RECEIPT,8,2021-10-30T00:57:16,30,13.84
IV-000000405,PT-000060,AP-0001,,SU-003,RECEIPT,53,2021-09-05T07:57:03,53,27.61
IV-000000406,PT-000060,AP-0001,WO-000000307,,ISSUE,3,2021-10-20T16:34:21,50,27.61
IV-000000407,PT-000060,AP-0001,,SU-001,RECEIPT,25,2021-10-25T14:47:02,75,27.61
IV-000000408,PT-000012,AP-0005,,SU-004,RECEIPT,29,2015-06-11T19:14:20,29,3446.41
IV-000000409,PT-000012,AP-0005,WO-000000309,,ISSUE,1,2015-08-03T12:42:32,28,3446.41
IV-000000410,PT-000092,AP-0003,,SU-003,RECEIPT,23,2019-02-18T06:09:42,23,33.3
IV-000000411,PT-000092,AP-0003,WO-000000311,,ISSUE,2,2019-03-31T14:21:50,21,33.3
IV-000000412,PT-000070,AP-0003,,SU-001,RECEIPT,40,2019-03-08T08:15:19,40,44.48
IV-000000413,PT-000070,AP-0003,WO-000000312,,ISSUE,1,2019-03-31T14:30:32,39,44.48
IV-000000414,PT-000080,AP-0014,,SU-002,RECEIPT,25,2018-03-08T11:01:38,25,32.02
IV-000000415,PT-000080,AP-0014,WO-000000314,,ISSUE,3,2018-04-22T13:07:11,22,32.02
IV-000000416,PT-000143,AP-0014,,SU-002,RECEIPT,29,2025-07-02T00:27:04,29,38.0
IV-000000417,PT-000143,AP-0014,WO-000000316,,ISSUE,2,2025-08-16T15:51:36,27,38.0
IV-000000418,PT-000111,AP-0011,,SU-004,RECEIPT,40,2017-10-07T23:41:20,40,25.89
IV-000000419,PT-000111,AP-0011,WO-000000317,,ISSUE,2,2017-10-14T22:59:02,38,25.89
IV-000000420,PT-000111,AP-0011,,SU-001,RECEIPT,14,2017-10-19T23:12:25,52,25.89
IV-000000421,PT-000033,AP-0009,,SU-001,RECEIPT,57,2022-04-03T21:56:42,57,28.36
IV-000000422,PT-000033,AP-0009,WO-000000325,,ISSUE,3,2022-05-08T03:05:42,54,28.36
IV-000000423,PT-000050,AP-0010,,SU-001,RECEIPT,56,2009-11-26T19:55:31,56,20.22
IV-000000424,PT-000050,AP-0010,WO-000000326,,ISSUE,1,2010-01-21T00:18:11,55,20.22
IV-000000425,PT-000049,AP-0012,,SU-004,RECEIPT,32,2004-09-15T21:04:32,32,40.4
IV-000000426,PT-000049,AP-0012,WO-000000328,,ISSUE,3,2004-10-18T05:00:07,29,40.4
IV-000000427,PT-000044,AP-0012,,SU-001,RECEIPT,14,2002-06-11T11:51:30,14,17.26
IV-000000428,PT-000044,AP-0012,WO-000000331,,ISSUE,3,2002-06-28T02:49:34,11,17.26
IV-000000429,PT-000044,AP-0012,,SU-004,RECEIPT,21,2002-06-30T18:13:34,32,17.26
IV-000000430,PT-000085,AP-0007,,SU-003,RECEIPT,21,2004-01-30T20:42:32,21,12.6
IV-000000431,PT-000085,AP-0007,WO-000000333,,ISSUE,1,2004-02-09T00:30:20,20,12.6
IV-000000432,PT-000085,AP-0007,,SU-002,RECEIPT,7,2004-02-20T17:50:49,27,12.6
IV-000000433,PT-000080,AP-0007,,SU-002,RECEIPT,42,2003-12-13T16:48:13,42,32.02
IV-000000434,PT-000080,AP-0007,WO-000000334,,ISSUE,2,2004-02-09T00:29:06,40,32.02
IV-000000435,PT-000121,AP-0007,,SU-003,RECEIPT,9,2004-02-02T16:34:02,9,14.66
IV-000000436,PT-000121,AP-0007,WO-000000335,,ISSUE,1,2004-02-09T00:59:34,8,14.66
IV-000000437,PT-000069,AP-0007,,SU-002,RECEIPT,44,2004-01-03T14:05:50,44,24.09
IV-000000438,PT-000069,AP-0007,WO-000000336,,ISSUE,1,2004-02-09T01:12:37,43,24.09
IV-000000439,PT-000149,AP-0007,,SU-001,RECEIPT,41,2003-12-28T13:08:16,41,15.1
IV-000000440,PT-000149,AP-0007,WO-000000337,,ISSUE,1,2004-02-09T00:31:47,40,15.1
IV-000000441,PT-000145,AP-0007,,SU-001,RECEIPT,39,2004-01-09T01:41:31,39,5771.08
IV-000000442,PT-000145,AP-0007,WO-000000338,,ISSUE,3,2004-02-09T01:35:13,36,5771.08
IV-000000443,PT-000145,AP-0007,,SU-002,RECEIPT,5,2004-02-17T13:29:43,41,5771.08
IV-000000444,PT-000056,AP-0009,,SU-001,RECEIPT,54,2014-10-25T06:45:33,54,46.89
IV-000000445,PT-000056,AP-0009,WO-000000340,,ISSUE,3,2014-12-18T13:24:09,51,46.89
IV-000000446,PT-000116,AP-0011,,SU-003,RECEIPT,35,2007-06-23T00:10:51,35,18891.67
IV-000000447,PT-000116,AP-0011,WO-000000341,,ISSUE,1,2007-08-15T17:24:45,34,18891.67
IV-000000448,PT-000005,AP-0011,,SU-003,RECEIPT,7,2007-06-24T11:34:59,7,630.13
IV-000000449,PT-000005,AP-0011,WO-000000343,,ISSUE,1,2007-08-15T17:30:54,6,630.13
IV-000000450,PT-000085,AP-0013,,SU-001,RECEIPT,17,2018-11-22T19:02:57,17,12.6
IV-000000451,PT-000085,AP-0013,WO-000000344,,ISSUE,1,2018-12-26T06:29:54,16,12.6
IV-000000452,PT-000085,AP-0013,,SU-003,RECEIPT,7,2018-12-28T21:28:15,23,12.6
IV-000000453,PT-000048,AP-0014,,SU-002,RECEIPT,32,2025-03-16T04:42:52,32,33.81
IV-000000454,PT-000048,AP-0014,WO-000000347,,ISSUE,2,2025-03-26T13:15:59,30,33.81
IV-000000455,PT-000104,AP-0003,,SU-001,RECEIPT,52,2021-03-17T13:34:53,52,53.89
IV-000000456,PT-000104,AP-0003,WO-000000351,,ISSUE,3,2021-05-09T02:15:13,49,53.89
IV-000000457,PT-000154,AP-0003,,SU-002,RECEIPT,46,2021-03-16T02:29:18,46,6011.07
IV-000000458,PT-000154,AP-0003,WO-000000352,,ISSUE,1,2021-05-09T01:57:27,45,6011.07
IV-000000459,PT-000144,AP-0007,,SU-004,RECEIPT,30,2025-10-22T02:53:10,30,35.96
IV-000000460,PT-000144,AP-0007,WO-000000353,,ISSUE,1,2025-11-13T20:06:52,29,35.96
IV-000000461,PT-000039,AP-0001,,SU-002,RECEIPT,10,2020-07-18T10:06:02,10,32.98
IV-000000462,PT-000039,AP-0001,WO-000000354,,ISSUE,1,2020-08-05T23:06:38,9,32.98
IV-000000463,PT-000125,AP-0011,,SU-004,RECEIPT,45,2024-07-28T10:09:46,45,16.83
IV-000000464,PT-000125,AP-0011,WO-000000355,,ISSUE,3,2024-09-02T04:28:56,42,16.83
IV-000000208-DUP0,PT-000076,AP-0011,,SU-002,RECEIPT,5,2021-08-05T22:58:34,5,1298.89
