weather_id,airport_id,observation_ts,report_type,temperature_c,wind_speed_kt,visibility_m,precipitation_mm,altimeter_hpa
WX-00000001,AP-0001,2026-07-22T15:27:59,ROUTINE,21.6,12.0,1710.0,0.0,1027.4
WX-00000002,AP-0001,2026-07-22T16:27:59,ROUTINE,27.0,10.0,10000.0,0.0,1020.0
WX-00000003,AP-0001,2026-07-22T17:27:59,ROUTINE,25.8,4.6,10000.0,0.0,1018.7
WX-00000004,AP-0001,2026-07-22T18:27:59,ROUTINE,27.3,9.6,9922.0,3.4,1014.1
WX-00000005,AP-0001,2026-07-22T19:27:59,SPECIAL,26.5,11.5,10000.0,0.0,1011.5
WX-00000006,AP-0001,2026-07-22T20:27:59,ROUTINE,26.6,8.4,10000.0,0.6,1005.3
WX-00000007,AP-0001,2026-07-22T21:27:59,ROUTINE,,9.0,9800.0,0.0,1003.7
WX-00000008,AP-0001,2026-07-22T22:27:59,ROUTINE,28.9,16.0,9634.0,0.0,1009.7
WX-00000009,AP-0001,2026-07-22T23:27:59,ROUTINE,26.0,7.5,10000.0,0.0,1011.1
WX-00000010,AP-0001,2026-07-23T00:27:59,ROUTINE,31.0,5.1,10000.0,0.5,1011.7
WX-00000011,AP-0001,2026-07-23T01:27:59,ROUTINE,22.9,33.4,10000.0,0.0,1004.7
WX-00000012,AP-0001,2026-07-23T02:27:59,ROUTINE,23.1,10.3,9814.0,0.0,
WX-00000013,AP-0001,2026-07-23T03:27:59,ROUTINE,28.3,6.5,9674.0,0.0,1013.8
WX-00000014,AP-0001,2026-07-23T04:27:59,ROUTINE,28.6,17.5,9476.0,0.0,1008.2
WX-00000015,AP-0001,2026-07-23T05:27:59,ROUTINE,23.5,2.6,9712.0,0.0,1021.3
WX-00000016,AP-0001,2026-07-23T06:27:59,ROUTINE,29.0,7.8,9658.0,0.0,1010.0
WX-00000017,AP-0001,2026-07-23T07:27:59,ROUTINE,23.3,10.8,9975.0,2.6,1010.0
WX-00000018,AP-0001,2026-07-23T08:27:59,ROUTINE,25.0,8.8,10000.0,0.0,1017.8
WX-00000019,AP-0001,2026-07-23T09:27:59,ROUTINE,25.1,17.3,10000.0,0.0,1006.7
WX-00000020,AP-0001,2026-07-23T10:27:59,ROUTINE,26.1,16.9,10000.0,0.6,1013.4
WX-00000021,AP-0001,2026-07-23T11:27:59,ROUTINE,21.8,20.2,9311.0,4.7,1018.0
WX-00000022,AP-0001,2026-07-23T12:27:59,ROUTINE,27.5,9.2,9288.0,0.0,1022.0
WX-00000023,AP-0001,2026-07-23T13:27:59,ROUTINE,23.5,10.2,8000.0,0.0,1021.7
WX-00000024,AP-0001,2026-07-23T14:27:59,ROUTINE,24.8,5.8,9690.0,0.0,1026.3
WX-00000025,AP-0001,2026-07-23T15:27:59,ROUTINE,27.3,7.3,10000.0,0.0,1009.1
WX-00000026,AP-0001,2026-07-23T16:27:59,ROUTINE,26.6,17.9,10000.0,0.0,1021.1
WX-00000027,AP-0001,2026-07-23T17:27:59,ROUTINE,28.5,30.5,9843.0,0.0,1015.6
WX-00000028,AP-0001,2026-07-23T18:27:59,ROUTINE,28.0,7.3,9583.0,0.0,1014.7
WX-00000029,AP-0001,2026-07-23T19:27:59,SPECIAL,28.5,15.7,10000.0,0.0,1024.6
WX-00000030,AP-0001,2026-07-23T20:27:59,SPECIAL,26.9,11.7,9592.0,0.0,1014.8
WX-00000031,AP-0001,2026-07-23T21:27:59,ROUTINE,24.6,8.0,10000.0,0.0,1028.3
WX-00000032,AP-0001,2026-07-23T22:27:59,ROUTINE,23.1,2.4,9638.0,0.0,1003.2
WX-00000033,AP-0001,2026-07-23T23:27:59,ROUTINE,28.7,3.1,9565.0,0.0,1011.1
WX-00000034,AP-0001,2026-07-24T00:27:59,ROUTINE,23.7,33.7,10000.0,1.1,1010.6
WX-00000035,AP-0001,2026-07-24T01:27:59,ROUTINE,26.2,11.8,9013.0,0.0,1019.1
WX-00000036,AP-0001,2026-07-24T02:27:59,ROUTINE,27.1,16.0,10000.0,0.0,1006.1
WX-00000037,AP-0001,2026-07-24T03:27:59,ROUTINE,25.2,6.5,8000.0,0.0,1029.0
WX-00000038,AP-0001,2026-07-24T04:27:59,ROUTINE,25.8,8.8,9616.0,0.0,1011.1
WX-00000039,AP-0001,2026-07-24T05:27:59,ROUTINE,23.4,7.6,9560.0,0.0,1004.6
WX-00000040,AP-0001,2026-07-24T06:27:59,ROUTINE,23.7,8.7,9883.0,0.0,1005.2
WX-00000041,AP-0001,2026-07-24T07:27:59,SPECIAL,29.6,14.7,9948.0,0.0,1019.7
WX-00000042,AP-0001,2026-07-24T08:27:59,ROUTINE,21.4,6.8,9855.0,0.0,1016.4
WX-00000043,AP-0001,2026-07-24T09:27:59,ROUTINE,26.5,15.7,9678.0,1.1,1031.8
WX-00000044,AP-0001,2026-07-24T10:27:59,ROUTINE,28.2,4.5,10000.0,0.0,1009.9
WX-00000045,AP-0001,2026-07-24T11:27:59,ROUTINE,26.1,5.8,9351.0,0.0,1015.2
WX-00000046,AP-0001,2026-07-24T12:27:59,ROUTINE,26.8,8.2,10000.0,2.5,1008.7
WX-00000047,AP-0001,2026-07-24T13:27:59,ROUTINE,25.4,13.2,920.0,0.0,1011.6
WX-00000048,AP-0001,2026-07-24T14:27:59,ROUTINE,26.8,13.8,10000.0,0.1,1001.3
WX-00000049,AP-0002,2026-07-22T15:27:59,ROUTINE,29.4,12.0,9434.0,0.0,1021.9
WX-00000050,AP-0002,2026-07-22T16:27:59,ROUTINE,29.6,10.5,6296.0,0.0,999.5
WX-00000051,AP-0002,2026-07-22T17:27:59,SPECIAL,25.8,10.3,9053.0,0.0,
WX-00000052,AP-0002,2026-07-22T18:27:59,ROUTINE,25.3,6.2,9822.0,0.0,1010.4
WX-00000053,AP-0002,2026-07-22T19:27:59,ROUTINE,27.3,1.9,8946.0,0.0,1014.4
WX-00000054,AP-0002,2026-07-22T20:27:59,ROUTINE,28.4,3.5,491.0,0.0,1018.0
WX-00000055,AP-0002,2026-07-22T21:27:59,ROUTINE,24.7,21.2,9873.0,0.0,1016.5
WX-00000056,AP-0002,2026-07-22T22:27:59,ROUTINE,26.6,5.4,3520.0,0.0,1017.2
WX-00000057,AP-0002,2026-07-22T23:27:59,ROUTINE,29.0,14.4,10000.0,0.0,1005.4
WX-00000058,AP-0002,2026-07-23T00:27:59,ROUTINE,28.4,9.0,10000.0,0.0,1011.0
WX-00000059,AP-0002,2026-07-23T01:27:59,ROUTINE,30.1,12.3,9843.0,0.0,1009.3
WX-00000060,AP-0002,2026-07-23T02:27:59,ROUTINE,30.2,2.8,9620.0,0.0,1020.7
WX-00000061,AP-0002,2026-07-23T03:27:59,ROUTINE,28.3,14.3,9571.0,1.0,1007.9
WX-00000062,AP-0002,2026-07-23T04:27:59,ROUTINE,30.5,9.3,,0.4,1023.0
WX-00000063,AP-0002,2026-07-23T05:27:59,ROUTINE,29.0,9.4,9883.0,0.0,1007.2
WX-00000064,AP-0002,2026-07-23T06:27:59,ROUTINE,28.7,10.3,9859.0,0.0,1006.7
WX-00000065,AP-0002,2026-07-23T07:27:59,ROUTINE,26.7,5.3,9903.0,0.0,1004.1
WX-00000066,AP-0002,2026-07-23T08:27:59,ROUTINE,30.3,11.6,10000.0,0.0,1013.4
WX-00000067,AP-0002,2026-07-23T09:27:59,ROUTINE,30.7,10.3,9890.0,0.0,1015.4
WX-00000068,AP-0002,2026-07-23T10:27:59,ROUTINE,28.1,17.1,10000.0,0.0,1024.7
WX-00000069,AP-0002,2026-07-23T11:27:59,ROUTINE,27.8,13.7,,0.0,1018.2
WX-00000070,AP-0002,2026-07-23T12:27:59,ROUTINE,30.6,7.2,9838.0,0.0,1017.3
WX-00000071,AP-0002,2026-07-23T13:27:59,ROUTINE,29.0,12.6,10000.0,0.0,998.3
WX-00000072,AP-0002,2026-07-23T14:27:59,ROUTINE,32.3,15.6,2825.0,0.0,1011.9
WX-00000073,AP-0002,2026-07-23T15:27:59,ROUTINE,28.7,6.0,10000.0,0.0,1017.1
WX-00000074,AP-0002,2026-07-23T16:27:59,ROUTINE,28.9,6.8,9787.0,2.5,1021.5
WX-00000075,AP-0002,2026-07-23T17:27:59,ROUTINE,28.4,9.8,3341.0,0.0,1017.3
WX-00000076,AP-0002,2026-07-23T18:27:59,ROUTINE,29.1,2.9,10000.0,0.0,1010.6
WX-00000077,AP-0002,2026-07-23T19:27:59,SPECIAL,30.0,7.1,10000.0,0.0,1018.8
WX-00000078,AP-0002,2026-07-23T20:27:59,ROUTINE,29.6,9.0,10000.0,0.0,1017.2
WX-00000079,AP-0002,2026-07-23T21:27:59,ROUTINE,25.9,6.2,8678.0,0.0,1027.3
WX-00000080,AP-0002,2026-07-23T22:27:59,ROUTINE,27.5,3.8,9583.0,0.0,1022.9
WX-00000081,AP-0002,2026-07-23T23:27:59,ROUTINE,25.2,11.4,10000.0,0.0,1017.4
WX-00000082,AP-0002,2026-07-24T00:27:59,ROUTINE,29.0,12.1,,0.1,1023.4
WX-00000083,AP-0002,2026-07-24T01:27:59,ROUTINE,29.5,,10000.0,3.3,1031.5
WX-00000084,AP-0002,2026-07-24T02:27:59,ROUTINE,29.0,10.7,9582.0,0.0,1018.8
WX-00000085,AP-0002,2026-07-24T03:27:59,ROUTINE,27.3,12.6,9858.0,0.0,1020.6
WX-00000086,AP-0002,2026-07-24T04:27:59,SPECIAL,27.0,8.2,9385.0,0.0,1023.8
WX-00000087,AP-0002,2026-07-24T05:27:59,ROUTINE,31.1,18.4,10000.0,0.0,1006.1
WX-00000088,AP-0002,2026-07-24T06:27:59,ROUTINE,26.9,21.0,9615.0,0.6,1016.7
WX-00000089,AP-0002,2026-07-24T07:27:59,ROUTINE,27.6,17.1,,0.0,1023.2
WX-00000090,AP-0002,2026-07-24T08:27:59,ROUTINE,26.7,5.5,9680.0,0.0,1007.3
WX-00000091,AP-0002,2026-07-24T09:27:59,ROUTINE,28.3,15.4,1535.0,0.0,1001.3
WX-00000092,AP-0002,2026-07-24T10:27:59,ROUTINE,29.6,1.0,9407.0,0.0,1012.4
WX-00000093,AP-0002,2026-07-24T11:27:59,ROUTINE,32.7,13.0,9837.0,0.0,1020.1
WX-00000094,AP-0002,2026-07-24T12:27:59,SPECIAL,29.0,10.4,9819.0,0.0,1005.8
WX-00000095,AP-0002,2026-07-24T13:27:59,ROUTINE,26.9,10.2,9343.0,0.0,1012.3
WX-00000096,AP-0002,2026-07-24T14:27:59,ROUTINE,25.9,14.6,10000.0,0.0,1013.0
WX-00000097,AP-0003,2026-07-22T15:27:59,ROUTINE,22.4,4.6,513.0,0.0,1013.6
WX-00000098,AP-0003,2026-07-22T16:27:59,ROUTINE,24.3,2.3,9373.0,0.0,1016.1
WX-00000099,AP-0003,2026-07-22T17:27:59,ROUTINE,26.0,3.0,10000.0,0.0,1014.4
WX-00000100,AP-0003,2026-07-22T18:27:59,ROUTINE,28.2,18.7,10000.0,0.0,1025.9
WX-00000101,AP-0003,2026-07-22T19:27:59,ROUTINE,26.6,2.6,10000.0,0.0,1015.5
WX-00000102,AP-0003,2026-07-22T20:27:59,ROUTINE,23.4,15.7,329.0,0.0,1027.1
WX-00000103,AP-0003,2026-07-22T21:27:59,SPECIAL,27.4,11.7,10000.0,0.0,1016.9
WX-00000104,AP-0003,2026-07-22T22:27:59,ROUTINE,27.7,10.3,9900.0,0.0,1021.1
WX-00000105,AP-0003,2026-07-22T23:27:59,ROUTINE,24.6,13.9,10000.0,0.1,1014.1
WX-00000106,AP-0003,2026-07-23T00:27:59,ROUTINE,22.8,7.4,9449.0,0.0,1014.2
WX-00000107,AP-0003,2026-07-23T01:27:59,ROUTINE,29.1,9.5,8000.0,1.2,1019.1
WX-00000108,AP-0003,2026-07-23T02:27:59,ROUTINE,25.9,4.0,9206.0,6.3,1010.8
WX-00000109,AP-0003,2026-07-23T03:27:59,ROUTINE,27.4,3.9,9557.0,0.0,1012.8
WX-00000110,AP-0003,2026-07-23T04:27:59,ROUTINE,29.0,11.1,9707.0,0.0,1021.9
WX-00000111,AP-0003,2026-07-23T05:27:59,ROUTINE,26.7,35.4,9789.0,0.0,1012.1
WX-00000112,AP-0003,2026-07-23T06:27:59,ROUTINE,27.2,2.2,2739.0,0.0,1015.1
WX-00000113,AP-0003,2026-07-23T07:27:59,ROUTINE,27.2,6.6,93.0,0.0,1005.1
WX-00000114,AP-0003,2026-07-23T08:27:59,ROUTINE,28.3,3.1,10000.0,0.0,1008.4
WX-00000115,AP-0003,2026-07-23T09:27:59,ROUTINE,28.0,13.1,10000.0,0.0,1016.6
WX-00000116,AP-0003,2026-07-23T10:27:59,ROUTINE,23.2,8.8,10000.0,0.0,1011.9
WX-00000117,AP-0003,2026-07-23T11:27:59,ROUTINE,26.2,9.8,9689.0,0.0,1019.4
WX-00000118,AP-0003,2026-07-23T12:27:59,SPECIAL,28.8,5.5,9520.0,0.1,1012.1
WX-00000119,AP-0003,2026-07-23T13:27:59,ROUTINE,25.7,11.7,9174.0,0.0,1014.4
WX-00000120,AP-0003,2026-07-23T14:27:59,ROUTINE,24.6,4.9,9919.0,0.0,1014.9
WX-00000121,AP-0003,2026-07-23T15:27:59,SPECIAL,28.1,18.2,10000.0,0.0,1013.1
WX-00000122,AP-0003,2026-07-23T16:27:59,ROUTINE,27.4,17.5,9736.0,0.0,994.0
WX-00000123,AP-0003,2026-07-23T17:27:59,ROUTINE,25.8,7.8,9621.0,0.0,1020.8
WX-00000124,AP-0003,2026-07-23T18:27:59,ROUTINE,27.9,3.2,9495.0,0.0,1010.1
WX-00000125,AP-0003,2026-07-23T19:27:59,ROUTINE,27.0,23.8,9753.0,0.0,1013.9
WX-00000126,AP-0003,2026-07-23T20:27:59,ROUTINE,28.0,7.1,9732.0,0.0,
WX-00000127,AP-0003,2026-07-23T21:27:59,ROUTINE,25.6,3.0,10000.0,0.0,1017.4
WX-00000128,AP-0003,2026-07-23T22:27:59,ROUTINE,24.1,9.7,65.0,0.0,1020.2
WX-00000129,AP-0003,2026-07-23T23:27:59,ROUTINE,31.3,15.5,10000.0,0.0,1020.9
WX-00000130,AP-0003,2026-07-24T00:27:59,ROUTINE,30.4,5.8,9922.0,2.2,1006.3
WX-00000131,AP-0003,2026-07-24T01:27:59,ROUTINE,23.9,4.4,10000.0,0.0,1009.2
WX-00000132,AP-0003,2026-07-24T02:27:59,ROUTINE,24.9,14.4,9763.0,0.0,1012.0
WX-00000133,AP-0003,2026-07-24T03:27:59,ROUTINE,26.2,26.1,10000.0,0.0,1010.7
WX-00000134,AP-0003,2026-07-24T04:27:59,SPECIAL,25.7,14.0,8000.0,0.0,1007.8
WX-00000135,AP-0003,2026-07-24T05:27:59,ROUTINE,23.2,2.0,9555.0,0.0,1000.6
WX-00000136,AP-0003,2026-07-24T06:27:59,ROUTINE,27.7,16.0,10000.0,0.0,1010.3
WX-00000137,AP-0003,2026-07-24T07:27:59,SPECIAL,27.8,14.0,9739.0,0.0,1007.4
WX-00000138,AP-0003,2026-07-24T08:27:59,ROUTINE,31.0,7.1,9341.0,0.0,1012.3
WX-00000139,AP-0003,2026-07-24T09:27:59,ROUTINE,27.7,1.5,9233.0,0.0,1013.6
WX-00000140,AP-0003,2026-07-24T10:27:59,SPECIAL,30.9,15.9,9908.0,0.0,1021.0
WX-00000141,AP-0003,2026-07-24T11:27:59,SPECIAL,25.5,18.8,9872.0,0.0,1013.9
WX-00000142,AP-0003,2026-07-24T12:27:59,ROUTINE,29.5,12.5,9572.0,1.6,1011.0
WX-00000143,AP-0003,2026-07-24T13:27:59,ROUTINE,27.0,5.8,10000.0,0.0,1011.1
WX-00000144,AP-0003,2026-07-24T14:27:59,ROUTINE,24.4,8.2,9469.0,0.0,1002.6
WX-00000145,AP-0004,2026-07-22T15:27:59,SPECIAL,25.3,9.4,9897.0,0.0,1017.3
WX-00000146,AP-0004,2026-07-22T16:27:59,ROUTINE,25.8,11.1,9273.0,0.0,1005.8
WX-00000147,AP-0004,2026-07-22T17:27:59,ROUTINE,25.3,6.5,9545.0,0.0,1013.9
WX-00000148,AP-0004,2026-07-22T18:27:59,ROUTINE,24.7,5.5,10000.0,0.0,999.1
WX-00000149,AP-0004,2026-07-22T19:27:59,ROUTINE,25.9,4.6,10000.0,0.0,1013.6
WX-00000150,AP-0004,2026-07-22T20:27:59,ROUTINE,23.9,2.8,9686.0,0.0,1022.4
WX-00000151,AP-0004,2026-07-22T21:27:59,ROUTINE,25.3,21.2,1085.0,0.0,994.4
WX-00000152,AP-0004,2026-07-22T22:27:59,ROUTINE,26.6,17.4,9968.0,0.0,1007.8
WX-00000153,AP-0004,2026-07-22T23:27:59,ROUTINE,26.4,4.7,10000.0,0.0,1017.9
WX-00000154,AP-0004,2026-07-23T00:27:59,ROUTINE,25.5,8.0,9435.0,0.0,1021.1
WX-00000155,AP-0004,2026-07-23T01:27:59,SPECIAL,25.5,14.5,10000.0,5.1,1015.7
WX-00000156,AP-0004,2026-07-23T02:27:59,ROUTINE,26.9,39.0,9510.0,0.0,1022.2
WX-00000157,AP-0004,2026-07-23T03:27:59,ROUTINE,27.0,16.4,9771.0,1.8,1011.2
WX-00000158,AP-0004,2026-07-23T04:27:59,ROUTINE,26.3,2.9,10000.0,0.0,1019.2
WX-00000159,AP-0004,2026-07-23T05:27:59,ROUTINE,29.3,9.0,9949.0,0.0,1003.0
WX-00000160,AP-0004,2026-07-23T06:27:59,ROUTINE,28.2,12.1,10000.0,0.0,1010.4
WX-00000161,AP-0004,2026-07-23T07:27:59,ROUTINE,27.1,5.2,9131.0,0.0,1021.2
WX-00000162,AP-0004,2026-07-23T08:27:59,ROUTINE,26.5,2.2,2364.0,0.0,1011.6
WX-00000163,AP-0004,2026-07-23T09:27:59,ROUTINE,26.8,13.2,5800.0,0.0,1000.2
WX-00000164,AP-0004,2026-07-23T10:27:59,ROUTINE,22.2,5.5,9532.0,0.0,1015.8
WX-00000165,AP-0004,2026-07-23T11:27:59,ROUTINE,27.2,15.1,9778.0,4.0,1009.6
WX-00000166,AP-0004,2026-07-23T12:27:59,ROUTINE,28.6,1.6,3418.0,0.0,1014.3
WX-00000167,AP-0004,2026-07-23T13:27:59,ROUTINE,23.7,14.5,9637.0,3.1,1000.7
WX-00000168,AP-0004,2026-07-23T14:27:59,ROUTINE,29.6,9.1,8898.0,0.0,1011.2
WX-00000169,AP-0004,2026-07-23T15:27:59,SPECIAL,26.0,23.8,9814.0,0.0,996.3
WX-00000170,AP-0004,2026-07-23T16:27:59,ROUTINE,25.6,10.5,3737.0,0.0,1013.7
WX-00000171,AP-0004,2026-07-23T17:27:59,ROUTINE,23.4,3.8,284.0,0.0,1015.7
WX-00000172,AP-0004,2026-07-23T18:27:59,ROUTINE,24.5,17.5,9273.0,0.0,1009.6
WX-00000173,AP-0004,2026-07-23T19:27:59,ROUTINE,25.7,8.7,10000.0,0.1,1022.1
WX-00000174,AP-0004,2026-07-23T20:27:59,ROUTINE,25.7,4.8,9832.0,0.0,1014.1
WX-00000175,AP-0004,2026-07-23T21:27:59,ROUTINE,30.9,12.2,9031.0,0.0,1011.3
WX-00000176,AP-0004,2026-07-23T22:27:59,ROUTINE,26.9,7.8,9456.0,0.0,1016.4
WX-00000177,AP-0004,2026-07-23T23:27:59,ROUTINE,27.6,15.1,9784.0,0.0,1008.2
WX-00000178,AP-0004,2026-07-24T00:27:59,ROUTINE,24.9,1.8,10000.0,0.0,1011.5
WX-00000179,AP-0004,2026-07-24T01:27:59,ROUTINE,25.0,6.3,9702.0,0.0,1008.7
WX-00000180,AP-0004,2026-07-24T02:27:59,ROUTINE,23.7,17.9,9975.0,0.0,1007.0
WX-00000181,AP-0004,2026-07-24T03:27:59,ROUTINE,26.7,11.6,9956.0,0.0,1018.9
WX-00000182,AP-0004,2026-07-24T04:27:59,SPECIAL,26.2,7.0,10000.0,0.0,1020.5
WX-00000183,AP-0004,2026-07-24T05:27:59,ROUTINE,23.2,7.9,9602.0,0.0,1009.8
WX-00000184,AP-0004,2026-07-24T06:27:59,ROUTINE,27.8,,9851.0,0.0,1004.4
WX-00000185,AP-0004,2026-07-24T07:27:59,ROUTINE,28.7,2.3,9836.0,0.0,1009.9
WX-00000186,AP-0004,2026-07-24T08:27:59,ROUTINE,24.2,7.0,9871.0,0.0,1007.8
WX-00000187,AP-0004,2026-07-24T09:27:59,ROUTINE,29.0,4.2,9814.0,0.0,1023.6
WX-00000188,AP-0004,2026-07-24T10:27:59,ROUTINE,27.3,2.6,10000.0,0.0,1018.3
WX-00000189,AP-0004,2026-07-24T11:27:59,ROUTINE,23.9,7.1,9261.0,0.0,1021.2
WX-00000190,AP-0004,2026-07-24T12:27:59,ROUTINE,25.4,4.8,10000.0,0.1,1016.0
WX-00000191,AP-0004,2026-07-24T13:27:59,ROUTINE,25.7,11.2,9803.0,0.0,1010.5
WX-00000192,AP-0004,2026-07-24T14:27:59,SPECIAL,24.2,19.5,3541.0,0.0,1010.1
WX-00000193,AP-0005,2026-07-22T15:27:59,ROUTINE,28.9,2.7,9811.0,0.0,1008.5
WX-00000194,AP-0005,2026-07-22T16:27:59,ROUTINE,24.8,3.5,10000.0,0.0,1016.8
WX-00000195,AP-0005,2026-07-22T17:27:59,ROUTINE,26.1,7.9,9481.0,0.0,1003.3
WX-00000196,AP-0005,2026-07-22T18:27:59,ROUTINE,25.9,4.3,9478.0,0.0,1016.8
WX-00000197,AP-0005,2026-07-22T19:27:59,ROUTINE,29.1,1.5,9319.0,0.0,1000.9
WX-00000198,AP-0005,2026-07-22T20:27:59,ROUTINE,26.5,4.1,420.0,0.0,1015.1
WX-00000199,AP-0005,2026-07-22T21:27:59,ROUTINE,26.8,18.5,9760.0,0.0,1005.7
WX-00000200,AP-0005,2026-07-22T22:27:59,ROUTINE,28.9,12.2,9676.0,0.0,1018.2
WX-00000201,AP-0005,2026-07-22T23:27:59,ROUTINE,28.4,12.1,10000.0,0.0,1000.9
WX-00000202,AP-0005,2026-07-23T00:27:59,ROUTINE,26.0,7.1,9556.0,0.7,1012.4
WX-00000203,AP-0005,2026-07-23T01:27:59,SPECIAL,23.2,2.8,10000.0,3.6,1014.7
WX-00000204,AP-0005,2026-07-23T02:27:59,ROUTINE,26.9,7.8,10000.0,0.0,
WX-00000205,AP-0005,2026-07-23T03:27:59,ROUTINE,25.3,23.4,2685.0,0.0,1009.0
WX-00000206,AP-0005,2026-07-23T04:27:59,ROUTINE,24.7,15.9,9837.0,0.0,1011.5
WX-00000207,AP-0005,2026-07-23T05:27:59,SPECIAL,25.2,11.5,10000.0,0.0,995.7
WX-00000208,AP-0005,2026-07-23T06:27:59,ROUTINE,30.2,,9673.0,0.0,1012.6
WX-00000209,AP-0005,2026-07-23T07:27:59,ROUTINE,27.9,2.7,9895.0,0.0,994.1
WX-00000210,AP-0005,2026-07-23T08:27:59,ROUTINE,28.7,5.0,8789.0,0.0,1004.9
WX-00000211,AP-0005,2026-07-23T09:27:59,ROUTINE,29.3,13.4,9490.0,0.0,1019.5
WX-00000212,AP-0005,2026-07-23T10:27:59,ROUTINE,28.9,3.7,9816.0,0.0,1017.0
WX-00000213,AP-0005,2026-07-23T11:27:59,ROUTINE,26.8,8.7,9318.0,0.0,1013.5
WX-00000214,AP-0005,2026-07-23T12:27:59,ROUTINE,29.4,12.0,9526.0,0.0,1019.6
WX-00000215,AP-0005,2026-07-23T13:27:59,ROUTINE,26.7,,9640.0,0.0,1019.7
WX-00000216,AP-0005,2026-07-23T14:27:59,ROUTINE,27.3,3.6,9729.0,0.0,1010.8
WX-00000217,AP-0005,2026-07-23T15:27:59,ROUTINE,27.1,3.0,9585.0,0.0,1023.4
WX-00000218,AP-0005,2026-07-23T16:27:59,SPECIAL,27.3,4.5,9814.0,0.0,996.3
WX-00000219,AP-0005,2026-07-23T17:27:59,ROUTINE,26.1,13.6,9823.0,0.0,1013.7
WX-00000220,AP-0005,2026-07-23T18:27:59,ROUTINE,27.3,12.3,4924.0,0.0,1012.7
WX-00000221,AP-0005,2026-07-23T19:27:59,ROUTINE,28.8,5.6,9540.0,0.0,1004.8
WX-00000222,AP-0005,2026-07-23T20:27:59,ROUTINE,25.8,4.2,10000.0,0.0,1012.9
WX-00000223,AP-0005,2026-07-23T21:27:59,SPECIAL,26.8,9.4,9576.0,0.0,1016.1
WX-00000224,AP-0005,2026-07-23T22:27:59,ROUTINE,24.3,10.7,1851.0,0.0,1014.7
WX-00000225,AP-0005,2026-07-23T23:27:59,ROUTINE,30.4,2.1,9850.0,0.0,1005.7
WX-00000226,AP-0005,2026-07-24T00:27:59,SPECIAL,31.7,8.8,9465.0,0.0,1022.4
WX-00000227,AP-0005,2026-07-24T01:27:59,ROUTINE,28.3,9.0,9788.0,0.0,999.2
WX-00000228,AP-0005,2026-07-24T02:27:59,ROUTINE,27.2,13.8,791.0,0.0,1007.5
WX-00000229,AP-0005,2026-07-24T03:27:59,SPECIAL,27.4,14.7,10000.0,0.0,1013.5
WX-00000230,AP-0005,2026-07-24T04:27:59,ROUTINE,27.3,25.0,9432.0,0.0,1007.2
WX-00000231,AP-0005,2026-07-24T05:27:59,ROUTINE,28.1,10.1,9369.0,0.0,1019.9
WX-00000232,AP-0005,2026-07-24T06:27:59,ROUTINE,27.5,12.6,9062.0,0.0,1002.3
WX-00000233,AP-0005,2026-07-24T07:27:59,ROUTINE,28.9,2.0,10000.0,0.0,1014.1
WX-00000234,AP-0005,2026-07-24T08:27:59,ROUTINE,31.8,9.6,10000.0,0.0,1023.1
WX-00000235,AP-0005,2026-07-24T09:27:59,ROUTINE,28.2,7.0,10000.0,0.0,1000.2
WX-00000236,AP-0005,2026-07-24T10:27:59,ROUTINE,27.8,,9461.0,0.0,1009.2
WX-00000237,AP-0005,2026-07-24T11:27:59,ROUTINE,31.6,44.6,9793.0,0.0,1017.9
WX-00000238,AP-0005,2026-07-24T12:27:59,ROUTINE,27.3,6.2,9700.0,0.0,999.7
WX-00000239,AP-0005,2026-07-24T13:27:59,ROUTINE,24.8,6.8,10000.0,0.0,1014.1
WX-00000240,AP-0005,2026-07-24T14:27:59,ROUTINE,27.7,13.4,9980.0,0.0,1015.4
WX-00000241,AP-0006,2026-07-22T15:27:59,ROUTINE,35.0,18.6,9715.0,0.8,1015.3
WX-00000242,AP-0006,2026-07-22T16:27:59,ROUTINE,36.0,17.2,9931.0,0.0,1008.6
WX-00000243,AP-0006,2026-07-22T17:27:59,ROUTINE,34.7,1.4,9404.0,0.0,1001.4
WX-00000244,AP-0006,2026-07-22T18:27:59,ROUTINE,32.1,11.6,,0.0,1002.8
WX-00000245,AP-0006,2026-07-22T19:27:59,ROUTINE,38.5,6.0,9274.0,1.3,1012.5
WX-00000246,AP-0006,2026-07-22T20:27:59,ROUTINE,37.8,3.5,9553.0,0.0,1019.6
WX-00000247,AP-0006,2026-07-22T21:27:59,SPECIAL,34.8,3.9,10000.0,0.0,1012.0
WX-00000248,AP-0006,2026-07-22T22:27:59,ROUTINE,33.5,2.7,9888.0,0.0,1010.0
WX-00000249,AP-0006,2026-07-22T23:27:59,ROUTINE,32.3,9.0,10000.0,0.0,1012.0
WX-00000250,AP-0006,2026-07-23T00:27:59,ROUTINE,36.6,5.5,9683.0,0.0,1011.3
WX-00000251,AP-0006,2026-07-23T01:27:59,SPECIAL,36.3,12.3,9346.0,0.0,1009.6
WX-00000252,AP-0006,2026-07-23T02:27:59,ROUTINE,35.6,3.0,9168.0,0.0,1013.9
WX-00000253,AP-0006,2026-07-23T03:27:59,ROUTINE,34.7,15.7,9302.0,0.0,1007.7
WX-00000254,AP-0006,2026-07-23T04:27:59,SPECIAL,,9.4,9692.0,0.0,1012.6
WX-00000255,AP-0006,2026-07-23T05:27:59,ROUTINE,37.9,6.4,9693.0,0.5,1018.1
WX-00000256,AP-0006,2026-07-23T06:27:59,ROUTINE,34.0,3.4,9789.0,0.0,1016.5
WX-00000257,AP-0006,2026-07-23T07:27:59,ROUTINE,33.7,14.4,9675.0,0.0,1021.3
WX-00000258,AP-0006,2026-07-23T08:27:59,ROUTINE,33.8,12.8,9668.0,0.0,1008.4
WX-00000259,AP-0006,2026-07-23T09:27:59,ROUTINE,37.1,14.2,9882.0,0.0,1019.3
WX-00000260,AP-0006,2026-07-23T10:27:59,ROUTINE,32.5,5.7,9939.0,0.0,1011.6
WX-00000261,AP-0006,2026-07-23T11:27:59,ROUTINE,33.8,10.5,2930.0,1.4,
WX-00000262,AP-0006,2026-07-23T12:27:59,ROUTINE,34.7,18.1,9435.0,0.0,1016.0
WX-00000263,AP-0006,2026-07-23T13:27:59,ROUTINE,31.9,1.7,9438.0,0.0,1009.2
WX-00000264,AP-0006,2026-07-23T14:27:59,ROUTINE,31.7,6.2,8904.0,0.0,1021.5
WX-00000265,AP-0006,2026-07-23T15:27:59,ROUTINE,34.9,13.1,9449.0,0.0,1008.8
WX-00000266,AP-0006,2026-07-23T16:27:59,ROUTINE,34.7,,10000.0,0.0,1008.6
WX-00000267,AP-0006,2026-07-23T17:27:59,ROUTINE,33.6,13.1,9932.0,0.0,1015.3
WX-00000268,AP-0006,2026-07-23T18:27:59,ROUTINE,32.0,2.9,9724.0,0.0,1021.4
WX-00000269,AP-0006,2026-07-23T19:27:59,ROUTINE,38.2,8.8,9610.0,0.0,1012.8
WX-00000270,AP-0006,2026-07-23T20:27:59,ROUTINE,35.3,1.3,9775.0,0.0,1017.5
WX-00000271,AP-0006,2026-07-23T21:27:59,ROUTINE,34.5,14.6,9448.0,0.0,1011.8
WX-00000272,AP-0006,2026-07-23T22:27:59,ROUTINE,35.6,8.1,9252.0,0.0,1018.8
WX-00000273,AP-0006,2026-07-23T23:27:59,ROUTINE,37.4,3.9,9735.0,0.0,1006.8
WX-00000274,AP-0006,2026-07-24T00:27:59,ROUTINE,34.9,14.7,829.0,0.0,1010.0
WX-00000275,AP-0006,2026-07-24T01:27:59,ROUTINE,36.2,14.2,9988.0,0.0,999.5
WX-00000276,AP-0006,2026-07-24T02:27:59,SPECIAL,32.5,7.6,10000.0,0.0,1017.9
WX-00000277,AP-0006,2026-07-24T03:27:59,ROUTINE,34.7,10.8,9942.0,0.0,1005.5
WX-00000278,AP-0006,2026-07-24T04:27:59,ROUTINE,32.7,6.4,10000.0,0.0,1005.7
WX-00000279,AP-0006,2026-07-24T05:27:59,ROUTINE,35.2,6.5,2122.0,0.0,1019.3
WX-00000280,AP-0006,2026-07-24T06:27:59,ROUTINE,35.8,2.7,9606.0,1.8,1009.5
WX-00000281,AP-0006,2026-07-24T07:27:59,ROUTINE,35.0,7.0,9994.0,0.0,1023.5
WX-00000282,AP-0006,2026-07-24T08:27:59,ROUTINE,35.6,1.5,10000.0,0.0,1014.8
WX-00000283,AP-0006,2026-07-24T09:27:59,ROUTINE,31.4,13.2,9964.0,0.0,1008.1
WX-00000284,AP-0006,2026-07-24T10:27:59,ROUTINE,34.5,6.1,9523.0,0.0,1027.4
WX-00000285,AP-0006,2026-07-24T11:27:59,ROUTINE,34.8,36.2,9669.0,0.0,1012.4
WX-00000286,AP-0006,2026-07-24T12:27:59,ROUTINE,32.5,3.8,2848.0,0.0,1020.1
WX-00000287,AP-0006,2026-07-24T13:27:59,SPECIAL,36.8,6.2,10000.0,0.0,1017.1
WX-00000288,AP-0006,2026-07-24T14:27:59,ROUTINE,36.5,18.3,9987.0,0.0,1011.5
WX-00000289,AP-0007,2026-07-22T15:27:59,ROUTINE,36.4,6.7,2620.0,0.0,1004.8
WX-00000290,AP-0007,2026-07-22T16:27:59,ROUTINE,33.9,3.4,9277.0,0.0,1009.4
WX-00000291,AP-0007,2026-07-22T17:27:59,ROUTINE,32.7,8.1,10000.0,0.0,1016.1
WX-00000292,AP-0007,2026-07-22T18:27:59,ROUTINE,36.5,13.2,9771.0,0.0,1011.7
WX-00000293,AP-0007,2026-07-22T19:27:59,SPECIAL,35.2,18.5,9849.0,0.0,1010.0
WX-00000294,AP-0007,2026-07-22T20:27:59,ROUTINE,36.0,17.7,9661.0,0.0,1003.9
WX-00000295,AP-0007,2026-07-22T21:27:59,ROUTINE,30.4,8.3,9605.0,0.0,1020.3
WX-00000296,AP-0007,2026-07-22T22:27:59,ROUTINE,35.5,5.9,10000.0,0.0,1013.3
WX-00000297,AP-0007,2026-07-22T23:27:59,ROUTINE,31.5,26.0,9917.0,0.0,1011.7
WX-00000298,AP-0007,2026-07-23T00:27:59,ROUTINE,38.3,8.8,9597.0,0.0,1013.7
WX-00000299,AP-0007,2026-07-23T01:27:59,ROUTINE,34.0,7.4,9097.0,0.8,1008.3
WX-00000300,AP-0007,2026-07-23T02:27:59,ROUTINE,34.2,2.6,9494.0,0.0,1013.1
WX-00000301,AP-0007,2026-07-23T03:27:59,ROUTINE,32.8,28.0,8968.0,0.0,1007.4
WX-00000302,AP-0007,2026-07-23T04:27:59,ROUTINE,34.1,11.1,9543.0,0.0,1013.5
WX-00000303,AP-0007,2026-07-23T05:27:59,ROUTINE,35.6,1.0,9488.0,0.0,1003.6
WX-00000304,AP-0007,2026-07-23T06:27:59,ROUTINE,32.4,1.5,9813.0,0.0,999.8
WX-00000305,AP-0007,2026-07-23T07:27:59,ROUTINE,34.3,15.1,9712.0,0.0,1026.1
WX-00000306,AP-0007,2026-07-23T08:27:59,SPECIAL,32.6,15.6,533.0,0.0,1002.6
WX-00000307,AP-0007,2026-07-23T09:27:59,ROUTINE,31.4,4.2,9561.0,0.0,1006.0
WX-00000308,AP-0007,2026-07-23T10:27:59,ROUTINE,35.5,10.5,9989.0,0.0,1015.9
WX-00000309,AP-0007,2026-07-23T11:27:59,ROUTINE,34.2,7.3,9445.0,0.0,1017.7
WX-00000310,AP-0007,2026-07-23T12:27:59,ROUTINE,36.6,9.2,9912.0,0.0,1011.7
WX-00000311,AP-0007,2026-07-23T13:27:59,ROUTINE,29.7,0.5,9395.0,0.0,1018.4
WX-00000312,AP-0007,2026-07-23T14:27:59,ROUTINE,33.7,5.9,9899.0,0.0,1019.9
WX-00000313,AP-0007,2026-07-23T15:27:59,ROUTINE,35.5,10.5,10000.0,0.0,1001.6
WX-00000314,AP-0007,2026-07-23T16:27:59,ROUTINE,32.6,3.1,9265.0,0.0,1002.0
WX-00000315,AP-0007,2026-07-23T17:27:59,SPECIAL,31.0,3.0,10000.0,0.0,999.9
WX-00000316,AP-0007,2026-07-23T18:27:59,ROUTINE,33.5,16.3,9204.0,0.0,1003.1
WX-00000317,AP-0007,2026-07-23T19:27:59,ROUTINE,36.5,25.9,10000.0,1.3,1017.4
WX-00000318,AP-0007,2026-07-23T20:27:59,ROUTINE,32.0,16.1,9258.0,5.8,1020.0
WX-00000319,AP-0007,2026-07-23T21:27:59,ROUTINE,33.7,10.0,9596.0,0.0,1013.2
WX-00000320,AP-0007,2026-07-23T22:27:59,ROUTINE,31.9,0.8,9639.0,,1010.9
WX-00000321,AP-0007,2026-07-23T23:27:59,ROUTINE,35.9,5.2,10000.0,0.0,1009.2
WX-00000322,AP-0007,2026-07-24T00:27:59,ROUTINE,34.2,14.9,10000.0,0.0,1012.0
WX-00000323,AP-0007,2026-07-24T01:27:59,ROUTINE,31.2,10.3,9205.0,0.0,1009.9
WX-00000324,AP-0007,2026-07-24T02:27:59,ROUTINE,35.4,3.2,9541.0,0.0,1009.4
WX-00000325,AP-0007,2026-07-24T03:27:59,ROUTINE,36.0,6.0,9550.0,0.0,1016.5
WX-00000326,AP-0007,2026-07-24T04:27:59,ROUTINE,34.9,10.1,10000.0,0.0,1010.1
WX-00000327,AP-0007,2026-07-24T05:27:59,ROUTINE,36.3,11.6,10000.0,0.1,1003.1
WX-00000328,AP-0007,2026-07-24T06:27:59,ROUTINE,33.1,6.4,10000.0,0.0,1021.0
WX-00000329,AP-0007,2026-07-24T07:27:59,ROUTINE,32.9,2.5,10000.0,0.0,1019.8
WX-00000330,AP-0007,2026-07-24T08:27:59,ROUTINE,32.1,6.8,6502.0,0.0,997.3
WX-00000331,AP-0007,2026-07-24T09:27:59,ROUTINE,31.5,20.4,9657.0,,1011.9
WX-00000332,AP-0007,2026-07-24T10:27:59,ROUTINE,36.5,11.4,9278.0,0.0,1018.5
WX-00000333,AP-0007,2026-07-24T11:27:59,ROUTINE,33.6,14.3,10000.0,0.0,1009.6
WX-00000334,AP-0007,2026-07-24T12:27:59,ROUTINE,34.2,25.5,10000.0,0.0,1002.8
WX-00000335,AP-0007,2026-07-24T13:27:59,ROUTINE,29.0,5.4,9661.0,1.6,1013.6
WX-00000336,AP-0007,2026-07-24T14:27:59,ROUTINE,35.3,15.9,10000.0,0.0,1006.6
WX-00000337,AP-0008,2026-07-22T15:27:59,ROUTINE,31.4,12.9,9639.0,0.0,1013.0
WX-00000338,AP-0008,2026-07-22T16:27:59,ROUTINE,31.0,6.8,10000.0,0.0,1002.8
WX-00000339,AP-0008,2026-07-22T17:27:59,ROUTINE,34.9,9.9,10000.0,0.0,1012.4
WX-00000340,AP-0008,2026-07-22T18:27:59,SPECIAL,33.5,6.0,9491.0,0.0,1006.5
WX-00000341,AP-0008,2026-07-22T19:27:59,ROUTINE,33.2,0.8,9687.0,0.1,1021.9
WX-00000342,AP-0008,2026-07-22T20:27:59,SPECIAL,37.3,5.9,9883.0,2.8,1016.3
WX-00000343,AP-0008,2026-07-22T21:27:59,SPECIAL,34.9,14.9,9300.0,0.0,1023.7
WX-00000344,AP-0008,2026-07-22T22:27:59,ROUTINE,32.6,2.5,10000.0,0.0,1008.6
WX-00000345,AP-0008,2026-07-22T23:27:59,ROUTINE,35.1,32.7,9588.0,0.0,1011.9
WX-00000346,AP-0008,2026-07-23T00:27:59,ROUTINE,38.3,10.2,9611.0,0.0,1006.2
WX-00000347,AP-0008,2026-07-23T01:27:59,ROUTINE,36.0,38.2,9783.0,1.3,1007.5
WX-00000348,AP-0008,2026-07-23T02:27:59,ROUTINE,35.8,9.0,9543.0,0.0,1002.9
WX-00000349,AP-0008,2026-07-23T03:27:59,ROUTINE,33.1,15.4,9831.0,0.0,1012.2
WX-00000350,AP-0008,2026-07-23T04:27:59,ROUTINE,37.7,8.8,9667.0,0.0,1018.2
WX-00000352,AP-0008,2026-07-23T06:27:59,ROUTINE,32.9,25.9,9706.0,0.0,1017.0
WX-00000351,AP-0008,2026-07-23T05:27:59,ROUTINE,33.7,4.2,9404.0,0.0,1020.6
WX-00000353,AP-0008,2026-07-23T07:27:59,SPECIAL,31.1,10.4,10000.0,0.0,1017.0
WX-00000354,AP-0008,2026-07-23T08:27:59,ROUTINE,34.0,8.8,10000.0,0.0,1011.5
WX-00000355,AP-0008,2026-07-23T09:27:59,ROUTINE,33.1,5.3,9725.0,0.1,1019.2
WX-00000356,AP-0008,2026-07-23T10:27:59,ROUTINE,33.7,11.0,9552.0,0.0,1012.4
WX-00000357,AP-0008,2026-07-23T11:27:59,ROUTINE,32.9,3.4,9602.0,0.0,1020.2
WX-00000358,AP-0008,2026-07-23T12:27:59,ROUTINE,38.0,2.3,9505.0,0.0,1023.7
WX-00000359,AP-0008,2026-07-23T13:27:59,ROUTINE,38.6,4.7,9879.0,0.0,1013.1
WX-00000360,AP-0008,2026-07-23T14:27:59,ROUTINE,29.7,8.6,9007.0,0.0,1012.5
WX-00000361,AP-0008,2026-07-23T15:27:59,ROUTINE,34.4,1.9,10000.0,0.0,1034.0
WX-00000362,AP-0008,2026-07-23T16:27:59,SPECIAL,32.8,7.0,9676.0,0.0,1015.8
WX-00000363,AP-0008,2026-07-23T17:27:59,ROUTINE,32.8,10.0,9869.0,0.0,1018.0
WX-00000364,AP-0008,2026-07-23T18:27:59,ROUTINE,34.6,9.6,10000.0,0.0,1012.8
WX-00000365,AP-0008,2026-07-23T19:27:59,ROUTINE,35.8,11.1,9454.0,0.0,1004.4
WX-00000366,AP-0008,2026-07-23T20:27:59,ROUTINE,31.2,11.1,9680.0,0.0,999.8
WX-00000367,AP-0008,2026-07-23T21:27:59,ROUTINE,35.2,3.7,9670.0,0.0,1010.6
WX-00000368,AP-0008,2026-07-23T22:27:59,ROUTINE,32.8,10.2,9552.0,0.0,1004.0
WX-00000369,AP-0008,2026-07-23T23:27:59,ROUTINE,34.8,7.7,9882.0,0.0,1022.3
WX-00000370,AP-0008,2026-07-24T00:27:59,ROUTINE,33.7,24.1,9678.0,0.0,1019.2
WX-00000371,AP-0008,2026-07-24T01:27:59,ROUTINE,31.8,1.0,9923.0,0.0,1009.7
WX-00000372,AP-0008,2026-07-24T02:27:59,ROUTINE,33.6,9.4,9941.0,0.0,1022.6
WX-00000373,AP-0008,2026-07-24T03:27:59,ROUTINE,32.3,23.4,10000.0,0.0,1017.7
WX-00000374,AP-0008,2026-07-24T04:27:59,ROUTINE,35.4,11.1,3622.0,0.0,1003.3
WX-00000375,AP-0008,2026-07-24T05:27:59,ROUTINE,34.2,10.4,10000.0,4.5,1003.8
WX-00000376,AP-0008,2026-07-24T06:27:59,SPECIAL,33.3,15.1,9642.0,0.0,1003.8
WX-00000377,AP-0008,2026-07-24T07:27:59,ROUTINE,35.7,8.9,10000.0,0.0,1016.3
WX-00000378,AP-0008,2026-07-24T08:27:59,ROUTINE,35.0,3.4,9848.0,0.0,1020.6
WX-00000379,AP-0008,2026-07-24T09:27:59,ROUTINE,31.8,4.9,10000.0,0.0,1022.7
WX-00000380,AP-0008,2026-07-24T10:27:59,ROUTINE,33.1,8.5,10000.0,0.0,1014.1
WX-00000381,AP-0008,2026-07-24T11:27:59,ROUTINE,37.0,7.7,9918.0,0.0,1010.5
WX-00000382,AP-0008,2026-07-24T12:27:59,SPECIAL,31.9,5.3,8733.0,0.0,1014.3
WX-00000383,AP-0008,2026-07-24T13:27:59,ROUTINE,34.3,13.2,10000.0,0.0,1017.7
WX-00000384,AP-0008,2026-07-24T14:27:59,ROUTINE,36.2,13.6,10000.0,0.0,1017.6
WX-00000385,AP-0009,2026-07-22T15:27:59,ROUTINE,25.6,7.6,9433.0,0.0,1020.9
WX-00000386,AP-0009,2026-07-22T16:27:59,ROUTINE,27.9,10.1,59.0,1.2,1010.4
WX-00000387,AP-0009,2026-07-22T17:27:59,ROUTINE,26.9,16.0,9552.0,0.0,1007.5
WX-00000388,AP-0009,2026-07-22T18:27:59,ROUTINE,30.7,9.9,9723.0,0.0,1013.2
WX-00000389,AP-0009,2026-07-22T19:27:59,ROUTINE,26.4,11.3,10000.0,0.0,1010.4
WX-00000390,AP-0009,2026-07-22T20:27:59,ROUTINE,25.4,8.2,9469.0,0.0,1016.3
WX-00000391,AP-0009,2026-07-22T21:27:59,ROUTINE,29.1,6.7,9971.0,0.0,1016.9
WX-00000392,AP-0009,2026-07-22T22:27:59,ROUTINE,26.7,5.2,9954.0,0.0,1014.4
WX-00000393,AP-0009,2026-07-22T23:27:59,ROUTINE,23.8,3.9,9457.0,0.0,1018.7
WX-00000394,AP-0009,2026-07-23T00:27:59,ROUTINE,31.5,26.8,10000.0,0.0,1009.6
WX-00000395,AP-0009,2026-07-23T01:27:59,ROUTINE,27.4,11.0,9968.0,0.0,1014.8
WX-00000396,AP-0009,2026-07-23T02:27:59,ROUTINE,29.5,2.3,9962.0,0.0,1022.1
WX-00000397,AP-0009,2026-07-23T03:27:59,ROUTINE,28.2,17.9,9877.0,0.0,1011.6
WX-00000398,AP-0009,2026-07-23T04:27:59,ROUTINE,22.3,9.3,982.0,2.9,1027.5
WX-00000399,AP-0009,2026-07-23T05:27:59,ROUTINE,24.7,5.6,9924.0,0.0,1017.0
WX-00000400,AP-0009,2026-07-23T06:27:59,ROUTINE,25.8,23.0,185.0,0.0,1005.7
WX-00000401,AP-0009,2026-07-23T07:27:59,ROUTINE,25.8,7.9,9817.0,0.0,1010.0
WX-00000402,AP-0009,2026-07-23T08:27:59,ROUTINE,28.2,4.9,10000.0,0.0,999.0
WX-00000403,AP-0009,2026-07-23T09:27:59,ROUTINE,28.9,2.2,9175.0,0.0,1010.2
WX-00000404,AP-0009,2026-07-23T10:27:59,ROUTINE,29.7,14.3,10000.0,0.0,1002.5
WX-00000405,AP-0009,2026-07-23T11:27:59,ROUTINE,27.7,3.6,502.0,0.0,1014.2
WX-00000406,AP-0009,2026-07-23T12:27:59,ROUTINE,26.5,11.0,9592.0,0.3,1014.1
WX-00000407,AP-0009,2026-07-23T13:27:59,ROUTINE,28.6,3.2,8985.0,0.0,1028.1
WX-00000408,AP-0009,2026-07-23T14:27:59,ROUTINE,30.5,12.1,9768.0,0.0,1002.9
WX-00000409,AP-0009,2026-07-23T15:27:59,ROUTINE,30.1,12.7,9519.0,0.0,1011.3
WX-00000410,AP-0009,2026-07-23T16:27:59,ROUTINE,29.0,16.9,9292.0,0.0,1012.4
WX-00000411,AP-0009,2026-07-23T17:27:59,SPECIAL,26.1,11.4,9595.0,0.0,1012.3
WX-00000412,AP-0009,2026-07-23T18:27:59,ROUTINE,27.7,5.3,10000.0,1.7,1012.7
WX-00000413,AP-0009,2026-07-23T19:27:59,ROUTINE,29.7,4.0,9642.0,0.0,1019.3
WX-00000414,AP-0009,2026-07-23T20:27:59,ROUTINE,32.5,13.2,10000.0,0.0,999.7
WX-00000415,AP-0009,2026-07-23T21:27:59,ROUTINE,25.4,23.8,9836.0,0.0,
WX-00000416,AP-0009,2026-07-23T22:27:59,ROUTINE,30.6,4.1,,3.4,1020.0
WX-00000417,AP-0009,2026-07-23T23:27:59,ROUTINE,24.8,14.5,9641.0,1.7,1016.9
WX-00000418,AP-0009,2026-07-24T00:27:59,ROUTINE,29.1,24.7,10000.0,0.0,1006.9
WX-00000419,AP-0009,2026-07-24T01:27:59,ROUTINE,26.4,14.7,9426.0,0.0,1009.6
WX-00000420,AP-0009,2026-07-24T02:27:59,ROUTINE,28.3,24.0,9806.0,0.0,1009.3
WX-00000421,AP-0009,2026-07-24T03:27:59,ROUTINE,26.7,5.3,8678.0,0.0,1007.1
WX-00000422,AP-0009,2026-07-24T04:27:59,ROUTINE,28.7,6.1,9179.0,0.0,1005.8
WX-00000423,AP-0009,2026-07-24T05:27:59,ROUTINE,27.3,14.7,1125.0,0.0,1004.8
WX-00000424,AP-0009,2026-07-24T06:27:59,ROUTINE,28.1,13.0,10000.0,0.0,1005.6
WX-00000425,AP-0009,2026-07-24T07:27:59,ROUTINE,30.0,9.6,10000.0,0.0,1014.2
WX-00000426,AP-0009,2026-07-24T08:27:59,ROUTINE,29.5,3.4,9820.0,0.0,1016.0
WX-00000427,AP-0009,2026-07-24T09:27:59,ROUTINE,27.6,19.9,9293.0,1.7,1005.3
WX-00000428,AP-0009,2026-07-24T10:27:59,ROUTINE,31.9,8.9,9819.0,0.1,1019.5
WX-00000429,AP-0009,2026-07-24T11:27:59,ROUTINE,28.8,17.8,9522.0,0.0,1015.5
WX-00000430,AP-0009,2026-07-24T12:27:59,ROUTINE,29.7,4.2,9901.0,0.0,1011.3
WX-00000431,AP-0009,2026-07-24T13:27:59,ROUTINE,26.6,2.9,9708.0,0.0,1011.7
WX-00000432,AP-0009,2026-07-24T14:27:59,ROUTINE,27.6,6.6,9639.0,0.0,1021.1
WX-00000433,AP-0010,2026-07-22T15:27:59,ROUTINE,27.3,5.4,9546.0,0.0,1000.5
WX-00000434,AP-0010,2026-07-22T16:27:59,ROUTINE,31.1,8.5,9516.0,0.0,1017.2
WX-00000435,AP-0010,2026-07-22T17:27:59,ROUTINE,26.4,16.6,9102.0,1.3,1016.0
WX-00000436,AP-0010,2026-07-22T18:27:59,ROUTINE,29.5,11.1,9800.0,0.0,1021.3
WX-00000437,AP-0010,2026-07-22T19:27:59,ROUTINE,31.4,10.7,9121.0,0.0,1019.2
WX-00000438,AP-0010,2026-07-22T20:27:59,ROUTINE,27.4,9.3,9851.0,0.0,1007.9
WX-00000439,AP-0010,2026-07-22T21:27:59,ROUTINE,28.1,17.1,10000.0,0.0,1016.8
WX-00000440,AP-0010,2026-07-22T22:27:59,SPECIAL,26.0,8.9,9504.0,0.0,1007.9
WX-00000441,AP-0010,2026-07-22T23:27:59,ROUTINE,27.6,6.0,10000.0,0.0,1017.2
WX-00000442,AP-0010,2026-07-23T00:27:59,SPECIAL,26.5,7.3,10000.0,0.0,1014.9
WX-00000443,AP-0010,2026-07-23T01:27:59,ROUTINE,24.9,16.6,10000.0,0.0,1010.1
WX-00000444,AP-0010,2026-07-23T02:27:59,ROUTINE,28.1,6.3,10000.0,0.0,1009.9
WX-00000445,AP-0010,2026-07-23T03:27:59,ROUTINE,28.5,10.7,3669.0,0.3,1006.1
WX-00000446,AP-0010,2026-07-23T04:27:59,ROUTINE,25.7,17.9,10000.0,0.0,1009.9
WX-00000447,AP-0010,2026-07-23T05:27:59,ROUTINE,27.5,6.0,253.0,0.0,1024.6
WX-00000448,AP-0010,2026-07-23T06:27:59,ROUTINE,29.6,5.0,10000.0,0.5,1001.0
WX-00000449,AP-0010,2026-07-23T07:27:59,ROUTINE,27.1,8.7,10000.0,0.0,1004.8
WX-00000450,AP-0010,2026-07-23T08:27:59,ROUTINE,25.3,8.3,10000.0,1.1,1026.7
WX-00000451,AP-0010,2026-07-23T09:27:59,ROUTINE,25.9,9.1,1699.0,0.1,1001.9
WX-00000452,AP-0010,2026-07-23T10:27:59,ROUTINE,29.5,2.0,10000.0,0.0,1019.7
WX-00000453,AP-0010,2026-07-23T11:27:59,ROUTINE,26.3,3.8,9373.0,0.0,1014.9
WX-00000454,AP-0010,2026-07-23T12:27:59,ROUTINE,27.9,6.0,9536.0,0.0,1008.0
WX-00000455,AP-0010,2026-07-23T13:27:59,ROUTINE,27.7,5.3,10000.0,0.0,1018.9
WX-00000456,AP-0010,2026-07-23T14:27:59,ROUTINE,26.0,5.5,9730.0,0.0,
WX-00000457,AP-0010,2026-07-23T15:27:59,ROUTINE,26.2,28.9,9953.0,0.0,1000.2
WX-00000458,AP-0010,2026-07-23T16:27:59,ROUTINE,30.1,7.2,9395.0,0.0,1012.0
WX-00000459,AP-0010,2026-07-23T17:27:59,ROUTINE,28.2,24.2,9372.0,0.0,1019.6
WX-00000460,AP-0010,2026-07-23T18:27:59,SPECIAL,25.6,13.2,9829.0,0.0,1013.3
WX-00000461,AP-0010,2026-07-23T19:27:59,ROUTINE,26.8,16.6,9898.0,0.0,1024.2
WX-00000462,AP-0010,2026-07-23T20:27:59,ROUTINE,31.9,1.7,9967.0,0.9,1014.9
WX-00000463,AP-0010,2026-07-23T21:27:59,ROUTINE,28.4,20.5,9756.0,0.0,1010.6
WX-00000464,AP-0010,2026-07-23T22:27:59,ROUTINE,28.7,7.0,3306.0,0.0,1007.9
WX-00000465,AP-0010,2026-07-23T23:27:59,ROUTINE,29.0,4.0,10000.0,0.0,1012.3
WX-00000466,AP-0010,2026-07-24T00:27:59,ROUTINE,26.9,15.5,9795.0,0.0,1019.4
WX-00000467,AP-0010,2026-07-24T01:27:59,SPECIAL,28.7,8.4,10000.0,0.0,1010.4
WX-00000468,AP-0010,2026-07-24T02:27:59,ROUTINE,24.7,10.2,9602.0,0.0,1017.1
WX-00000469,AP-0010,2026-07-24T03:27:59,ROUTINE,27.1,4.5,9710.0,0.0,1020.3
WX-00000470,AP-0010,2026-07-24T04:27:59,ROUTINE,21.3,5.0,10000.0,0.0,1000.4
WX-00000471,AP-0010,2026-07-24T05:27:59,ROUTINE,28.6,10.7,9758.0,0.0,1019.6
WX-00000472,AP-0010,2026-07-24T06:27:59,ROUTINE,30.6,5.8,9870.0,0.0,1009.8
WX-00000473,AP-0010,2026-07-24T07:27:59,ROUTINE,,24.2,10000.0,0.0,1010.7
WX-00000474,AP-0010,2026-07-24T08:27:59,ROUTINE,25.2,15.3,9854.0,0.0,1010.2
WX-00000475,AP-0010,2026-07-24T09:27:59,ROUTINE,29.5,1.8,2248.0,0.0,1008.1
WX-00000476,AP-0010,2026-07-24T10:27:59,SPECIAL,28.0,2.5,9813.0,0.0,1018.7
WX-00000477,AP-0010,2026-07-24T11:27:59,ROUTINE,26.0,4.4,9897.0,0.0,1025.1
WX-00000478,AP-0010,2026-07-24T12:27:59,ROUTINE,26.1,9.3,9456.0,0.0,1006.0
WX-00000479,AP-0010,2026-07-24T13:27:59,ROUTINE,28.4,5.7,9340.0,0.0,1007.4
WX-00000480,AP-0010,2026-07-24T14:27:59,ROUTINE,27.0,18.6,,0.0,1021.1
WX-00000481,AP-0011,2026-07-22T15:27:59,SPECIAL,27.5,19.1,10000.0,0.0,1017.6
WX-00000482,AP-0011,2026-07-22T16:27:59,ROUTINE,25.5,5.3,10000.0,0.0,1017.7
WX-00000483,AP-0011,2026-07-22T17:27:59,ROUTINE,28.2,11.4,10000.0,0.0,1018.6
WX-00000484,AP-0011,2026-07-22T18:27:59,ROUTINE,25.9,5.7,9059.0,0.0,1018.1
WX-00000485,AP-0011,2026-07-22T19:27:59,ROUTINE,27.0,4.0,654.0,0.0,1004.2
WX-00000486,AP-0011,2026-07-22T20:27:59,ROUTINE,26.3,20.7,10000.0,0.0,1014.2
WX-00000487,AP-0011,2026-07-22T21:27:59,ROUTINE,27.2,19.7,10000.0,0.0,1011.2
WX-00000488,AP-0011,2026-07-22T22:27:59,ROUTINE,28.3,9.2,9439.0,15.1,1014.3
WX-00000489,AP-0011,2026-07-22T23:27:59,ROUTINE,27.6,8.8,9930.0,4.0,1007.9
WX-00000490,AP-0011,2026-07-23T00:27:59,ROUTINE,28.5,10.8,9863.0,0.0,1004.2
WX-00000491,AP-0011,2026-07-23T01:27:59,SPECIAL,30.0,4.1,10000.0,0.0,1010.0
WX-00000492,AP-0011,2026-07-23T02:27:59,ROUTINE,29.5,17.8,10000.0,0.0,1005.8
WX-00000493,AP-0011,2026-07-23T03:27:59,ROUTINE,30.5,19.2,9566.0,0.0,1003.0
WX-00000494,AP-0011,2026-07-23T04:27:59,SPECIAL,28.4,25.5,9380.0,0.0,1020.1
WX-00000495,AP-0011,2026-07-23T05:27:59,ROUTINE,25.9,7.2,10000.0,0.0,1016.8
WX-00000496,AP-0011,2026-07-23T06:27:59,ROUTINE,27.8,20.6,9352.0,0.0,1012.9
WX-00000497,AP-0011,2026-07-23T07:27:59,ROUTINE,26.6,2.5,10000.0,0.0,1017.1
WX-00000498,AP-0011,2026-07-23T08:27:59,ROUTINE,29.9,23.0,9839.0,0.0,1010.0
WX-00000499,AP-0011,2026-07-23T09:27:59,ROUTINE,26.9,15.2,9857.0,0.2,1013.0
WX-00000500,AP-0011,2026-07-23T10:27:59,ROUTINE,28.3,2.6,9440.0,5.4,1011.1
WX-00000501,AP-0011,2026-07-23T11:27:59,ROUTINE,25.7,7.8,10000.0,0.0,1007.1
WX-00000502,AP-0011,2026-07-23T12:27:59,ROUTINE,26.7,11.9,9816.0,0.0,1013.5
WX-00000503,AP-0011,2026-07-23T18:27:59,ROUTINE,28.5,17.1,9477.0,0.0,1021.6
WX-00000504,AP-0011,2026-07-23T14:27:59,ROUTINE,27.5,6.2,1623.0,0.0,1016.7
WX-00000505,AP-0011,2026-07-23T15:27:59,ROUTINE,27.3,12.4,9762.0,3.2,1020.0
WX-00000506,AP-0011,2026-07-23T16:27:59,ROUTINE,25.3,0.6,9562.0,0.0,1020.3
WX-00000507,AP-0011,2026-07-23T17:27:59,ROUTINE,24.0,4.6,10000.0,,998.7
WX-00000508,AP-0011,2026-07-23T18:27:59,ROUTINE,31.3,5.7,9539.0,0.0,1017.5
WX-00000509,AP-0011,2026-07-23T19:27:59,ROUTINE,25.1,4.6,8876.0,0.0,1015.3
WX-00000511,AP-0011,2026-07-23T21:27:59,SPECIAL,26.6,1.9,9137.0,0.0,1020.1
WX-00000510,AP-0011,2026-07-23T20:27:59,ROUTINE,26.8,8.9,10000.0,2.2,1017.6
WX-00000512,AP-0011,2026-07-23T22:27:59,ROUTINE,25.1,22.5,10000.0,0.0,1011.5
WX-00000513,AP-0011,2026-07-23T23:27:59,SPECIAL,26.9,17.9,1846.0,0.0,1017.2
WX-00000514,AP-0011,2026-07-24T00:27:59,ROUTINE,25.7,6.6,10000.0,0.0,1013.3
WX-00000515,AP-0011,2026-07-24T01:27:59,ROUTINE,28.1,1.1,9171.0,,1011.0
WX-00000516,AP-0011,2026-07-24T02:27:59,ROUTINE,23.1,15.8,9596.0,0.0,1016.4
WX-00000517,AP-0011,2026-07-24T03:27:59,ROUTINE,29.6,1.0,9676.0,0.0,1008.3
WX-00000518,AP-0011,2026-07-24T04:27:59,ROUTINE,25.1,4.2,5848.0,0.9,1012.9
WX-00000519,AP-0011,2026-07-24T05:27:59,SPECIAL,22.4,6.0,10000.0,0.0,1027.2
WX-00000520,AP-0011,2026-07-24T06:27:59,ROUTINE,22.8,13.3,9628.0,0.0,1010.3
WX-00000521,AP-0011,2026-07-24T07:27:59,SPECIAL,26.2,1.0,9445.0,0.0,1008.2
WX-00000522,AP-0011,2026-07-24T08:27:59,ROUTINE,24.9,26.8,10000.0,0.0,1010.5
WX-00000523,AP-0011,2026-07-24T09:27:59,ROUTINE,32.1,12.7,414.0,0.0,1007.0
WX-00000524,AP-0011,2026-07-24T10:27:59,ROUTINE,28.3,11.5,9387.0,0.0,1020.2
WX-00000525,AP-0011,2026-07-24T11:27:59,ROUTINE,26.7,6.6,1164.0,0.0,1008.8
WX-00000526,AP-0011,2026-07-24T12:27:59,ROUTINE,26.4,12.4,10000.0,0.0,1010.1
WX-00000527,AP-0011,2026-07-24T13:27:59,ROUTINE,30.3,10.2,8000.0,0.0,1014.1
WX-00000528,AP-0011,2026-07-24T14:27:59,ROUTINE,25.3,2.9,10000.0,0.0,1011.7
WX-00000529,AP-0012,2026-07-22T15:27:59,ROUTINE,33.3,15.5,10000.0,0.0,1013.4
WX-00000530,AP-0012,2026-07-22T16:27:59,SPECIAL,31.9,16.6,9696.0,0.3,1008.4
WX-00000531,AP-0012,2026-07-22T17:27:59,ROUTINE,30.3,15.8,3252.0,0.0,1014.2
WX-00000532,AP-0012,2026-07-22T18:27:59,ROUTINE,35.6,17.1,2763.0,0.0,1025.5
WX-00000533,AP-0012,2026-07-22T19:27:59,ROUTINE,32.3,8.9,9570.0,0.1,1022.5
WX-00000534,AP-0012,2026-07-22T20:27:59,ROUTINE,35.7,19.1,9925.0,0.0,1014.1
WX-00000535,AP-0012,2026-07-22T21:27:59,ROUTINE,37.0,11.2,9780.0,0.0,1014.0
WX-00000536,AP-0012,2026-07-22T22:27:59,ROUTINE,34.8,16.1,10000.0,0.0,1026.2
WX-00000537,AP-0012,2026-07-22T23:27:59,ROUTINE,33.9,4.0,9050.0,0.0,1023.9
WX-00000538,AP-0012,2026-07-23T00:27:59,ROUTINE,33.7,3.7,10000.0,0.4,1001.6
WX-00000539,AP-0012,2026-07-23T01:27:59,ROUTINE,30.4,6.6,10000.0,0.0,1019.0
WX-00000540,AP-0012,2026-07-23T02:27:59,ROUTINE,31.6,22.2,10000.0,1.1,1020.0
WX-00000541,AP-0012,2026-07-23T03:27:59,ROUTINE,35.8,9.0,9770.0,0.0,1009.8
WX-00000542,AP-0012,2026-07-23T04:27:59,ROUTINE,31.3,16.0,2121.0,0.0,1002.6
WX-00000543,AP-0012,2026-07-23T05:27:59,SPECIAL,30.9,14.6,9705.0,0.0,1022.6
WX-00000544,AP-0012,2026-07-23T06:27:59,ROUTINE,33.5,8.0,9757.0,0.0,1009.7
WX-00000545,AP-0012,2026-07-23T07:27:59,ROUTINE,30.7,2.5,9739.0,0.0,1012.8
WX-00000546,AP-0012,2026-07-23T08:27:59,SPECIAL,35.9,10.6,9762.0,0.0,1019.9
WX-00000547,AP-0012,2026-07-23T09:27:59,ROUTINE,31.2,25.5,9324.0,0.0,1009.8
WX-00000548,AP-0012,2026-07-23T10:27:59,ROUTINE,32.5,4.6,10000.0,0.0,1004.3
WX-00000549,AP-0012,2026-07-23T11:27:59,ROUTINE,32.8,6.9,9463.0,4.3,1014.0
WX-00000550,AP-0012,2026-07-23T12:27:59,ROUTINE,34.4,16.9,9798.0,0.2,1022.2
WX-00000551,AP-0012,2026-07-23T13:27:59,ROUTINE,34.2,13.9,2957.0,0.0,1004.7
WX-00000552,AP-0012,2026-07-23T14:27:59,ROUTINE,33.5,9.5,9282.0,0.0,1020.4
WX-00000553,AP-0012,2026-07-23T15:27:59,ROUTINE,36.3,5.2,9588.0,0.0,1008.5
WX-00000554,AP-0012,2026-07-23T16:27:59,ROUTINE,32.5,8.9,9381.0,0.0,1016.2
WX-00000556,AP-0012,2026-07-23T18:27:59,ROUTINE,34.1,9.9,9846.0,0.0,1000.9
WX-00000555,AP-0012,2026-07-23T17:27:59,ROUTINE,32.7,5.2,9654.0,1.5,1026.4
WX-00000557,AP-0012,2026-07-23T19:27:59,ROUTINE,34.1,8.0,9733.0,0.0,1019.1
WX-00000558,AP-0012,2026-07-23T20:27:59,ROUTINE,36.9,6.6,10000.0,0.0,1011.8
WX-00000559,AP-0012,2026-07-23T21:27:59,ROUTINE,35.7,4.6,9633.0,0.0,1018.4
WX-00000560,AP-0012,2026-07-23T22:27:59,ROUTINE,35.4,37.3,9509.0,0.0,1001.2
WX-00000561,AP-0012,2026-07-23T23:27:59,ROUTINE,35.0,11.9,9974.0,0.0,1015.6
WX-00000562,AP-0012,2026-07-24T00:27:59,ROUTINE,32.2,3.0,9574.0,0.0,1007.9
WX-00000563,AP-0012,2026-07-24T01:27:59,ROUTINE,40.5,21.5,10000.0,0.0,1012.7
WX-00000564,AP-0012,2026-07-24T02:27:59,ROUTINE,36.4,0.9,10000.0,0.0,1019.6
WX-00000565,AP-0012,2026-07-24T03:27:59,ROUTINE,37.6,2.6,8903.0,6.8,1000.8
WX-00000566,AP-0012,2026-07-24T04:27:59,ROUTINE,35.6,19.7,380.0,0.0,1003.0
WX-00000567,AP-0012,2026-07-24T05:27:59,ROUTINE,32.7,1.1,10000.0,,1012.2
WX-00000568,AP-0012,2026-07-24T06:27:59,ROUTINE,35.4,14.0,9768.0,0.0,1006.1
WX-00000569,AP-0012,2026-07-24T07:27:59,SPECIAL,36.2,1.0,8912.0,0.0,1014.5
WX-00000570,AP-0012,2026-07-24T08:27:59,SPECIAL,33.6,7.0,9932.0,0.0,1024.0
WX-00000571,AP-0012,2026-07-24T09:27:59,ROUTINE,31.7,12.9,10000.0,0.0,1020.2
WX-00000572,AP-0012,2026-07-24T10:27:59,ROUTINE,31.1,19.7,8747.0,0.0,
WX-00000573,AP-0012,2026-07-24T11:27:59,ROUTINE,33.9,43.6,9692.0,0.0,1009.7
WX-00000574,AP-0012,2026-07-24T12:27:59,ROUTINE,32.1,8.4,9644.0,0.0,1019.5
WX-00000575,AP-0012,2026-07-24T13:27:59,ROUTINE,31.8,4.3,10000.0,0.0,1011.4
WX-00000576,AP-0012,2026-07-24T14:27:59,ROUTINE,33.2,10.6,9962.0,0.0,1012.6
WX-00000577,AP-0013,2026-07-22T15:27:59,ROUTINE,26.4,17.9,9946.0,0.0,998.5
WX-00000578,AP-0013,2026-07-22T16:27:59,ROUTINE,27.1,10.6,10000.0,0.0,1028.9
WX-00000579,AP-0013,2026-07-22T17:27:59,ROUTINE,26.7,7.4,9827.0,0.0,1004.0
WX-00000580,AP-0013,2026-07-22T18:27:59,ROUTINE,26.5,5.2,680.0,0.0,1010.8
WX-00000581,AP-0013,2026-07-22T19:27:59,ROUTINE,28.8,17.7,10000.0,0.5,1015.3
WX-00000582,AP-0013,2026-07-22T20:27:59,ROUTINE,25.6,8.2,9504.0,0.0,1015.3
WX-00000583,AP-0013,2026-07-22T21:27:59,SPECIAL,26.4,5.2,1353.0,0.0,1020.0
WX-00000584,AP-0013,2026-07-22T22:27:59,ROUTINE,23.0,23.3,10000.0,0.0,1017.7
WX-00000585,AP-0013,2026-07-22T23:27:59,SPECIAL,25.4,5.3,10000.0,0.1,1002.2
WX-00000586,AP-0013,2026-07-23T00:27:59,ROUTINE,26.9,11.4,9196.0,0.0,1001.6
WX-00000587,AP-0013,2026-07-23T01:27:59,ROUTINE,24.0,6.1,10000.0,1.2,1012.7
WX-00000588,AP-0013,2026-07-23T02:27:59,ROUTINE,26.2,21.0,10000.0,0.0,1010.2
WX-00000589,AP-0013,2026-07-23T03:27:59,ROUTINE,22.6,28.4,,3.5,1011.5
WX-00000590,AP-0013,2026-07-23T04:27:59,ROUTINE,29.6,13.7,10000.0,5.0,1023.1
WX-00000591,AP-0013,2026-07-23T05:27:59,SPECIAL,27.3,,9961.0,0.0,1016.2
WX-00000592,AP-0013,2026-07-23T06:27:59,SPECIAL,25.2,16.6,10000.0,0.0,1020.1
WX-00000593,AP-0013,2026-07-23T07:27:59,ROUTINE,22.4,16.8,9448.0,0.0,997.6
WX-00000594,AP-0013,2026-07-23T08:27:59,ROUTINE,24.2,29.5,9835.0,0.1,1016.1
WX-00000595,AP-0013,2026-07-23T09:27:59,ROUTINE,24.5,17.8,9000.0,0.0,1017.0
WX-00000596,AP-0013,2026-07-23T10:27:59,ROUTINE,21.8,9.7,10000.0,0.0,998.0
WX-00000597,AP-0013,2026-07-23T11:27:59,ROUTINE,24.4,6.0,10000.0,0.0,1027.8
WX-00000598,AP-0013,2026-07-23T12:27:59,ROUTINE,22.4,22.1,9686.0,0.0,1020.0
WX-00000599,AP-0013,2026-07-23T13:27:59,ROUTINE,23.0,17.3,10000.0,0.0,1011.3
WX-00000600,AP-0013,2026-07-23T14:27:59,ROUTINE,24.6,15.0,10000.0,0.0,1007.6
WX-00000601,AP-0013,2026-07-23T15:27:59,ROUTINE,23.4,14.3,1852.0,0.0,1014.8
WX-00000602,AP-0013,2026-07-23T16:27:59,ROUTINE,25.2,12.7,1204.0,0.0,1013.9
WX-00000603,AP-0013,2026-07-23T17:27:59,ROUTINE,24.4,13.5,9832.0,0.0,1022.8
WX-00000604,AP-0013,2026-07-23T18:27:59,ROUTINE,23.3,16.4,9912.0,0.0,1009.6
WX-00000605,AP-0013,2026-07-23T19:27:59,ROUTINE,22.8,3.7,9928.0,0.0,1014.7
WX-00000606,AP-0013,2026-07-23T20:27:59,ROUTINE,23.5,6.0,9978.0,0.0,1013.0
WX-00000607,AP-0013,2026-07-23T21:27:59,ROUTINE,25.0,3.7,9501.0,0.0,1015.6
WX-00000608,AP-0013,2026-07-23T22:27:59,ROUTINE,25.3,16.5,10000.0,0.0,1014.7
WX-00000609,AP-0013,2026-07-23T23:27:59,ROUTINE,24.7,9.2,2208.0,0.6,997.8
WX-00000610,AP-0013,2026-07-24T00:27:59,ROUTINE,24.9,26.3,9884.0,0.0,1008.0
WX-00000611,AP-0013,2026-07-24T01:27:59,ROUTINE,27.2,8.7,9725.0,0.0,1008.8
WX-00000612,AP-0013,2026-07-24T02:27:59,SPECIAL,25.7,12.3,9013.0,6.5,1015.2
WX-00000613,AP-0013,2026-07-24T03:27:59,ROUTINE,24.7,5.3,9394.0,0.0,1018.1
WX-00000614,AP-0013,2026-07-24T04:27:59,ROUTINE,24.6,3.9,10000.0,0.0,1031.2
WX-00000615,AP-0013,2026-07-24T05:27:59,ROUTINE,28.8,15.3,10000.0,0.0,1021.6
WX-00000616,AP-0013,2026-07-24T06:27:59,ROUTINE,21.8,10.9,10000.0,0.0,1014.8
WX-00000617,AP-0013,2026-07-24T07:27:59,ROUTINE,26.2,8.3,9961.0,0.0,1008.9
WX-00000618,AP-0013,2026-07-24T08:27:59,ROUTINE,24.9,14.0,9846.0,0.0,1015.1
WX-00000619,AP-0013,2026-07-24T09:27:59,ROUTINE,23.4,,9720.0,0.0,1009.1
WX-00000620,AP-0013,2026-07-24T10:27:59,ROUTINE,28.0,1.7,10000.0,0.0,1009.6
WX-00000621,AP-0013,2026-07-24T11:27:59,SPECIAL,27.3,3.2,9736.0,0.0,1007.9
WX-00000622,AP-0013,2026-07-24T12:27:59,ROUTINE,25.8,11.6,10000.0,0.0,1021.2
WX-00000623,AP-0013,2026-07-24T13:27:59,ROUTINE,24.4,30.7,9788.0,0.0,1015.7
WX-00000624,AP-0013,2026-07-24T14:27:59,ROUTINE,24.6,24.9,9771.0,0.0,1011.8
WX-00000625,AP-0014,2026-07-22T15:27:59,ROUTINE,25.9,13.9,9642.0,0.0,1021.4
WX-00000626,AP-0014,2026-07-22T16:27:59,ROUTINE,25.5,,9931.0,0.0,1009.3
WX-00000627,AP-0014,2026-07-22T17:27:59,ROUTINE,22.2,10.5,9065.0,0.0,1016.5
WX-00000628,AP-0014,2026-07-22T18:27:59,ROUTINE,27.0,4.1,9807.0,0.0,1022.7
WX-00000629,AP-0014,2026-07-22T19:27:59,ROUTINE,27.5,17.0,9492.0,0.0,1007.5
WX-00000630,AP-0014,2026-07-22T20:27:59,ROUTINE,27.8,0.8,9934.0,0.0,1004.4
WX-00000631,AP-0014,2026-07-22T21:27:59,ROUTINE,25.6,15.4,10000.0,0.0,1015.1
WX-00000632,AP-0014,2026-07-22T22:27:59,SPECIAL,23.8,10.7,8437.0,0.0,1007.7
WX-00000633,AP-0014,2026-07-22T23:27:59,ROUTINE,27.7,27.3,10000.0,0.0,1004.3
WX-00000634,AP-0014,2026-07-23T00:27:59,ROUTINE,24.6,4.9,9666.0,0.2,1021.9
WX-00000635,AP-0014,2026-07-23T01:27:59,ROUTINE,29.7,3.8,10000.0,0.0,1016.4
WX-00000636,AP-0014,2026-07-23T02:27:59,ROUTINE,26.2,1.9,9774.0,0.0,1018.9
WX-00000637,AP-0014,2026-07-23T03:27:59,ROUTINE,27.9,12.8,9280.0,0.0,1021.0
WX-00000638,AP-0014,2026-07-23T04:27:59,ROUTINE,27.7,8.9,9461.0,0.0,1009.4
WX-00000639,AP-0014,2026-07-23T05:27:59,ROUTINE,24.9,11.9,10000.0,0.0,1011.3
WX-00000640,AP-0014,2026-07-23T06:27:59,ROUTINE,24.5,9.8,8943.0,0.0,1018.3
WX-00000641,AP-0014,2026-07-23T07:27:59,ROUTINE,30.1,7.4,10000.0,0.0,1006.8
WX-00000642,AP-0014,2026-07-23T08:27:59,ROUTINE,24.3,,2928.0,0.0,1007.8
WX-00000643,AP-0014,2026-07-23T09:27:59,ROUTINE,25.3,15.0,10000.0,0.0,1020.3
WX-00000644,AP-0014,2026-07-23T10:27:59,ROUTINE,26.5,0.6,10000.0,0.0,1010.6
WX-00000645,AP-0014,2026-07-23T11:27:59,ROUTINE,27.7,18.3,9839.0,0.0,1017.3
WX-00000646,AP-0014,2026-07-23T12:27:59,ROUTINE,28.0,7.7,9861.0,0.0,1005.5
WX-00000647,AP-0014,2026-07-23T13:27:59,ROUTINE,23.7,3.4,9885.0,0.0,1018.1
WX-00000648,AP-0014,2026-07-23T14:27:59,ROUTINE,25.6,9.5,4115.0,0.7,1009.8
WX-00000649,AP-0014,2026-07-23T15:27:59,ROUTINE,24.4,9.0,10000.0,0.0,1011.1
WX-00000650,AP-0014,2026-07-23T16:27:59,ROUTINE,25.3,13.9,10000.0,0.0,1013.5
WX-00000651,AP-0014,2026-07-23T17:27:59,ROUTINE,27.0,25.8,9105.0,0.0,1016.1
WX-00000652,AP-0014,2026-07-23T18:27:59,ROUTINE,23.3,17.7,9987.0,0.0,1023.7
WX-00000653,AP-0014,2026-07-23T19:27:59,ROUTINE,23.0,9.5,10000.0,0.0,1023.4
WX-00000654,AP-0014,2026-07-23T20:27:59,ROUTINE,27.6,10.9,9317.0,0.0,1009.9
WX-00000655,AP-0014,2026-07-23T21:27:59,ROUTINE,24.1,4.5,9020.0,0.0,1003.9
WX-00000656,AP-0014,2026-07-23T22:27:59,ROUTINE,24.3,2.6,9808.0,0.0,1023.0
WX-00000657,AP-0014,2026-07-23T23:27:59,ROUTINE,26.3,25.1,10000.0,0.0,1002.5
WX-00000658,AP-0014,2026-07-24T00:27:59,ROUTINE,27.3,6.4,2343.0,0.0,1012.6
WX-00000659,AP-0014,2026-07-24T01:27:59,ROUTINE,25.7,23.1,9466.0,3.1,1004.0
WX-00000660,AP-0014,2026-07-24T02:27:59,ROUTINE,26.6,14.0,9954.0,4.0,1011.1
WX-00000661,AP-0014,2026-07-24T03:27:59,SPECIAL,23.4,9.6,9711.0,2.5,1012.1
WX-00000662,AP-0014,2026-07-24T04:27:59,ROUTINE,24.9,7.4,9056.0,0.0,1001.0
WX-00000663,AP-0014,2026-07-24T05:27:59,ROUTINE,26.2,5.7,10000.0,0.0,1017.1
WX-00000664,AP-0014,2026-07-24T06:27:59,ROUTINE,23.0,8.6,9067.0,0.0,1008.6
WX-00000665,AP-0014,2026-07-24T07:27:59,ROUTINE,26.6,2.0,9646.0,1.2,1013.2
WX-00000666,AP-0014,2026-07-24T08:27:59,SPECIAL,25.5,19.9,10000.0,0.0,1016.2
WX-00000667,AP-0014,2026-07-24T09:27:59,ROUTINE,26.0,3.4,9243.0,0.0,1023.3
WX-00000668,AP-0014,2026-07-24T10:28:59,ROUTINE,24.1,5.5,10000.0,0.0,1018.9
WX-00000669,AP-0014,2026-07-24T11:27:59,ROUTINE,25.8,1.9,9853.0,0.0,1007.5
WX-00000670,AP-0014,2026-07-24T12:27:59,ROUTINE,25.5,12.7,9972.0,0.0,1006.2
WX-00000671,AP-0014,2026-07-24T13:27:59,ROUTINE,20.9,6.1,9380.0,0.0,1013.1
WX-00000672,AP-0014,2026-07-24T14:27:59,ROUTINE,28.0,7.0,10000.0,0.0,1018.1
WX-00000673,AP-0015,2026-07-22T15:27:59,SPECIAL,24.7,7.1,10000.0,0.0,1012.2
WX-00000674,AP-0015,2026-07-22T16:27:59,ROUTINE,23.9,7.2,9862.0,0.0,1021.5
WX-00000675,AP-0015,2026-07-22T17:27:59,ROUTINE,23.7,13.5,10000.0,0.0,1025.9
WX-00000676,AP-0015,2026-07-22T18:27:59,SPECIAL,24.1,18.8,9818.0,0.0,1007.4
WX-00000677,AP-0015,2026-07-22T19:27:59,ROUTINE,25.8,27.3,2059.0,0.0,1012.0
WX-00000678,AP-0015,2026-07-22T20:27:59,ROUTINE,26.9,11.4,10000.0,0.0,1019.4
WX-00000679,AP-0015,2026-07-22T21:27:59,ROUTINE,25.1,16.1,9609.0,0.0,1006.0
WX-00000680,AP-0015,2026-07-22T22:27:59,ROUTINE,25.6,5.3,1284.0,0.0,1023.2
WX-00000681,AP-0015,2026-07-22T23:27:59,ROUTINE,26.7,5.3,9580.0,0.0,1022.6
WX-00000682,AP-0015,2026-07-23T00:27:59,ROUTINE,27.3,13.8,9945.0,0.0,1014.5
WX-00000683,AP-0015,2026-07-23T01:27:59,ROUTINE,26.4,21.9,9602.0,0.0,1010.7
WX-00000684,AP-0015,2026-07-23T02:27:59,ROUTINE,22.4,12.5,10000.0,3.6,1003.3
WX-00000685,AP-0015,2026-07-23T03:27:59,ROUTINE,22.3,14.2,9538.0,0.0,1020.9
WX-00000686,AP-0015,2026-07-23T04:27:59,ROUTINE,26.4,12.6,10000.0,1.9,1015.8
WX-00000687,AP-0015,2026-07-23T05:27:59,ROUTINE,26.2,13.6,5526.0,6.2,1017.3
WX-00000688,AP-0015,2026-07-23T06:27:59,ROUTINE,24.8,11.2,8000.0,0.0,1014.4
WX-00000689,AP-0015,2026-07-23T07:27:59,ROUTINE,26.6,11.8,10000.0,0.0,1014.5
WX-00000690,AP-0015,2026-07-23T08:27:59,ROUTINE,26.3,8.1,9034.0,0.0,1002.7
WX-00000691,AP-0015,2026-07-23T09:27:59,ROUTINE,26.8,4.4,10000.0,0.0,1005.1
WX-00000692,AP-0015,2026-07-23T10:27:59,ROUTINE,26.3,13.1,9809.0,0.0,1009.9
WX-00000693,AP-0015,2026-07-23T11:27:59,ROUTINE,24.1,18.5,,0.0,1019.5
WX-00000694,AP-0015,2026-07-23T12:27:59,ROUTINE,26.9,8.3,9785.0,1.6,1003.9
WX-00000695,AP-0015,2026-07-23T13:27:59,ROUTINE,24.2,2.4,10000.0,0.0,1012.6
WX-00000696,AP-0015,2026-07-23T14:27:59,ROUTINE,28.7,23.3,9353.0,0.0,1011.1
WX-00000698,AP-0015,2026-07-23T16:27:59,ROUTINE,30.7,5.1,9724.0,0.0,1005.6
WX-00000697,AP-0015,2026-07-23T15:27:59,ROUTINE,25.8,1.2,728.0,0.0,1014.2
WX-00000699,AP-0015,2026-07-23T17:27:59,ROUTINE,27.0,22.3,9508.0,0.0,1004.8
WX-00000700,AP-0015,2026-07-23T18:27:59,ROUTINE,27.9,8.8,10000.0,0.0,1020.6
WX-00000701,AP-0015,2026-07-23T19:27:59,ROUTINE,28.9,8.1,9338.0,0.0,1014.4
WX-00000702,AP-0015,2026-07-23T20:27:59,ROUTINE,24.0,9.9,10000.0,0.0,1002.2
WX-00000703,AP-0015,2026-07-23T21:27:59,ROUTINE,27.0,5.6,1787.0,0.0,1008.7
WX-00000704,AP-0015,2026-07-23T22:27:59,ROUTINE,23.9,14.5,9583.0,0.0,1000.4
WX-00000705,AP-0015,2026-07-23T23:27:59,ROUTINE,28.3,15.6,9108.0,2.6,1014.0
WX-00000706,AP-0015,2026-07-24T00:27:59,ROUTINE,24.3,9.3,3680.0,0.0,1003.2
WX-00000707,AP-0015,2026-07-24T01:27:59,ROUTINE,23.6,16.6,9616.0,0.0,1007.7
WX-00000708,AP-0015,2026-07-24T02:27:59,ROUTINE,24.4,8.4,10000.0,0.0,1013.4
WX-00000709,AP-0015,2026-07-24T03:27:59,ROUTINE,24.6,4.7,10000.0,0.0,1020.6
WX-00000710,AP-0015,2026-07-24T04:27:59,ROUTINE,27.6,45.6,10000.0,0.0,1015.3
WX-00000711,AP-0015,2026-07-24T05:27:59,SPECIAL,26.2,5.6,8945.0,0.0,1016.6
WX-00000712,AP-0015,2026-07-24T06:27:59,ROUTINE,27.2,9.7,10000.0,0.0,1025.0
WX-00000713,AP-0015,2026-07-24T07:27:59,ROUTINE,24.9,1.4,9537.0,0.0,1017.2
WX-00000714,AP-0015,2026-07-24T08:27:59,ROUTINE,26.0,4.9,9848.0,0.0,1018.5
WX-00000715,AP-0015,2026-07-24T09:27:59,ROUTINE,25.4,,9798.0,0.0,1027.1
WX-00000716,AP-0015,2026-07-24T10:27:59,ROUTINE,26.4,12.4,9630.0,0.0,1021.9
WX-00000717,AP-0015,2026-07-24T11:27:59,SPECIAL,,6.8,9695.0,0.0,1009.4
WX-00000718,AP-0015,2026-07-24T12:27:59,ROUTINE,28.3,31.5,9863.0,0.0,1003.5
WX-00000719,AP-0015,2026-07-24T13:27:59,ROUTINE,26.4,12.1,9432.0,0.0,1015.0
WX-00000720,AP-0015,2026-07-24T14:27:59,ROUTINE,25.1,12.8,10000.0,0.0,1017.6
WX-00000219-DUP0,AP-0005,2026-07-23T17:27:59,ROUTINE,26.1,13.6,9823.0,0.0,1013.7
