work_order_id,maintenance_event_id,technician_id,fault_code_id,task_card_ref,description,labor_hours,opened_ts,closed_ts,status
WO-000000001,ME-00000001,TC-000006,FC-00025,,Jeu excessif constaté,6.6,2025-10-11T09:40:47,2025-10-11T16:18:29,CLOSED
WO-000000002,ME-00000001,TC-000006,,TC-00-002,Tâche de maintenance sans code défaut associé (inspection/investigation générale),3.4,2025-10-11T09:50:07,2025-10-11T13:13:43,CLOSED
WO-000000003,ME-00000001,TC-000006,,TC-00-003,Tâche de maintenance sans code défaut associé (inspection/investigation générale),2.2,2025-10-11T09:40:35,2025-10-11T11:55:08,CLOSED
WO-000000004,ME-00000002,TC-000003,,TC-00-001,Tâche de maintenance sans code défaut associé (inspection/investigation générale),1.5,2025-12-15T00:54:51,2025-12-15T02:26:15,CLOSED
WO-000000005,ME-00000003,TC-000015,FC-00017,TC-34-001,Perte de communication intermittente,1.2,2024-08-23T10:41:22,2024-08-23T11:53:33,CLOSED
WO-000000006,ME-00000004,TC-000014,FC-00020,TC-45-001,Perte de communication intermittente,2.2,2025-02-06T11:07:23,2025-02-06T13:20:51,CLOSED
WO-000000007,ME-00000005,TC-000003,FC-00020,TC-45-001,Perte de communication intermittente,1.6,2025-06-23T11:28:30,2025-06-23T13:06:42,CLOSED
WO-000000008,ME-00000006,TC-000005,FC-00011,TC-28-001,Jeu excessif constaté,0.6,2024-06-28T12:55:20,2024-06-28T13:31:54,CLOSED
WO-000000009,ME-00000007,TC-000003,FC-00039,TC-77-001,Dépassement de température,5.3,2021-02-20T10:31:37,2021-02-20T15:47:14,CLOSED
WO-000000010,ME-00000007,TC-000003,,TC-00-002,Tâche de maintenance sans code défaut associé (inspection/investigation générale),2.9,2021-02-20T10:18:31,2021-02-20T13:10:19,CLOSED
WO-000000011,ME-00000008,TC-000008,FC-00037,TC-73-001,Fuite huile détectée,3.4,2008-12-27T02:57:20,2008-12-27T06:22:38,CLOSED
WO-000000012,ME-00000009,TC-000015,FC-00041,TC-77-001,Fuite huile détectée,1.9,2020-08-27T17:20:08,2020-08-27T19:16:11,CLOSED
WO-000000013,ME-00000010,TC-000015,FC-00043,TC-79-001,,0.4,2020-06-19T03:10:56,2020-06-19T03:37:33,CLOSED
WO-000000014,ME-00000011,TC-000003,,TC-00-001,Tâche de maintenance sans code défaut associé (inspection/investigation générale),1.1,2010-04-03T03:24:16,2010-04-03T03:57:39,CLOSED
WO-000000015,ME-00000012,TC-000009,FC-00027,TC-71-001,Dépassement de température,2.4,2010-01-14T02:59:41,2010-01-14T04:25:43,CLOSED
WO-000000016,ME-00000013,TC-000002,FC-00037,TC-73-001,Fuite huile détectée,9.5,2011-05-31T16:52:46,2011-06-01T02:22:15,CLOSED
WO-000000017,ME-00000013,TC-000004,,TC-00-002,Tâche de maintenance sans code défaut associé (inspection/investigation générale),11.5,2011-05-31T17:00:59,2011-06-01T04:30:43,CLOSED
WO-000000018,ME-00000013,TC-000011,,TC-00-003,Tâche de maintenance sans code défaut associé (inspection/investigation générale),9.2,2011-05-31T17:15:21,2011-06-01T02:30:02,CLOSED
WO-000000019,ME-00000013,TC-000002,,TC-00-004,Tâche de maintenance sans code défaut associé (inspection/investigation générale),7.6,2011-05-31T17:34:12,2011-06-01T01:08:50,CLOSED
WO-000000020,ME-00000013,TC-000013,,TC-00-005,Tâche de maintenance sans code défaut associé (inspection/investigation générale),18.6,2011-05-31T17:02:50,2011-06-01T11:41:01,CLOSED
WO-000000021,ME-00000013,TC-000001,,TC-00-006,Tâche de maintenance sans code défaut associé (inspection/investigation générale),19.2,2011-05-31T16:52:47,2011-06-01T12:05:37,CLOSED
WO-000000022,ME-00000013,TC-000005,,TC-00-007,Tâche de maintenance sans code défaut associé (inspection/investigation générale),8.2,2011-05-31T17:27:12,2011-06-01T01:36:48,CLOSED
WO-000000023,ME-00000014,TC-000003,FC-00029,TC-71-001,Fuite huile détectée,3.4,2025-04-23T07:58:58,2025-04-23T11:22:45,CLOSED
WO-000000024,ME-00000015,TC-000013,FC-00049,TC-80-001,Fuite huile détectée,0.9,2015-12-14T09:26:31,2015-12-14T10:23:04,CLOSED
WO-000000025,ME-00000016,TC-000008,,TC-00-001,Tâche de maintenance sans code défaut associé (inspection/investigation générale),0.9,2012-03-19T19:16:31,2012-03-19T20:12:30,CLOSED
WO-000000026,ME-00000017,TC-000002,FC-00040,TC-77-001,Vibration anormale,0.6,2005-01-09T00:28:32,2005-01-09T01:04:42,CLOSED
WO-000000027,ME-00000018,TC-000001,FC-00039,TC-77-001,Dépassement de température,1.5,2014-12-07T20:51:50,2014-12-07T22:20:07,CLOSED
WO-000000028,ME-00000019,TC-000012,FC-00038,TC-77-001,Perte de poussée signalée,2.9,2018-01-22T06:54:53,2018-01-22T09:46:17,CLOSED
WO-000000029,ME-00000020,TC-000008,FC-00037,TC-73-001,Fuite huile détectée,1.3,2006-02-24T12:49:29,2006-02-24T14:08:12,CLOSED
WO-000000030,ME-00000021,TC-000009,FC-00037,TC-73-001,Fuite huile détectée,1.2,2016-11-26T22:57:09,2016-11-27T00:08:51,CLOSED
WO-000000031,ME-00000022,TC-000009,FC-00048,TC-80-001,Vibration anormale,0.6,2024-06-26T10:35:22,2024-06-26T11:11:48,CLOSED
WO-000000032,ME-00000023,TC-000013,FC-00027,TC-71-001,Dépassement de température,2.5,2017-12-20T06:58:49,2017-12-20T09:31:16,CLOSED
WO-000000033,ME-00000023,TC-000010,,TC-00-002,Tâche de maintenance sans code défaut associé (inspection/investigation générale),9.9,2017-12-20T07:24:43,2017-12-20T17:20:56,CLOSED
WO-000000034,ME-00000023,TC-000009,,TC-00-003,Tâche de maintenance sans code défaut associé (inspection/investigation générale),,2017-12-20T08:12:09,2017-12-20T12:42:56,CLOSED
WO-000000035,ME-00000024,TC-000006,,TC-00-001,Tâche de maintenance sans code défaut associé (inspection/investigation générale),4.3,2008-05-31T09:29:47,2008-05-31T13:45:47,CLOSED
WO-000000036,ME-00000025,TC-000003,FC-00026,TC-71-001,Perte de poussée signalée,3.7,2011-06-23T07:32:56,2011-06-23T11:17:09,CLOSED
WO-000000037,ME-00000025,TC-000003,,TC-00-002,Tâche de maintenance sans code défaut associé (inspection/investigation générale),7.7,2011-06-23T07:11:28,2011-06-23T14:55:33,CLOSED
WO-000000038,ME-00000026,TC-000015,FC-00040,TC-77-001,Vibration anormale,3.1,2012-12-02T04:02:34,2012-12-02T07:11:25,CLOSED
WO-000000039,ME-00000026,TC-000015,,TC-00-002,Tâche de maintenance sans code défaut associé (inspection/investigation générale),8.0,2012-12-02T04:04:37,2012-12-02T12:06:46,CLOSED
WO-000000040,ME-00000026,TC-000015,,TC-00-003,Tâche de maintenance sans code défaut associé (inspection/investigation générale),,2012-12-02T04:43:42,2012-12-02T09:59:43,CLOSED
WO-000000041,ME-00000027,TC-000011,FC-00046,TC-80-001,Perte de poussée signalée,2.3,2004-08-21T11:59:11,2004-08-21T14:17:03,CLOSED
WO-000000042,ME-00000028,TC-000013,FC-00045,TC-79-001,Fuite huile détectée,0.5,2013-10-15T02:05:19,2013-10-15T02:36:12,CLOSED
WO-000000043,ME-00000029,TC-000003,FC-00049,TC-80-001,Fuite huile détectée,8.1,2002-09-02T18:12:17,2002-09-03T02:17:52,CLOSED
WO-000000044,ME-00000029,TC-000013,,TC-00-002,Tâche de maintenance sans code défaut associé (inspection/investigation générale),0.33,2002-09-02T18:31:35,2002-09-02T21:48:54,CLOSED
WO-000000045,ME-00000029,TC-000013,,TC-00-003,Tâche de maintenance sans code défaut associé (inspection/investigation générale),4.4,2002-09-02T19:08:29,2002-09-02T23:34:32,CLOSED
WO-000000046,ME-00000030,TC-000003,FC-00031,TC-72-001,Dépassement de température,3.4,2002-04-05T01:30:22,2002-04-05T04:51:27,CLOSED
WO-000000047,ME-00000031,TC-000005,FC-00046,TC-80-001,Perte de poussée signalée,2.6,2008-03-21T23:30:58,2008-03-22T02:04:21,CLOSED
WO-000000048,ME-00000032,TC-000015,FC-00047,TC-80-001,Dépassement de température,0.9,2014-01-19T02:11:46,2014-01-19T03:03:14,CLOSED
WO-000000049,ME-00000033,TC-000011,FC-00042,TC-79-001,Perte de poussée signalée,1.8,2020-08-30T14:16:27,2020-08-30T15:15:00,CLOSED
WO-000000050,ME-00000034,TC-000013,FC-00042,TC-79-001,Perte de poussée signalée,3.7,2024-04-29T03:26:50,2024-04-29T06:08:57,CLOSED
WO-000000051,ME-00000035,TC-000009,FC-00035,TC-73-001,Dépassement de température,1.7,2016-12-15T22:27:39,2016-12-16T00:08:30,CLOSED
WO-000000052,ME-00000036,TC-000013,FC-00037,TC-73-001,Fuite huile détectée,2.2,2009-09-27T12:17:19,2009-09-27T14:27:31,CLOSED
WO-000000053,ME-00000037,TC-000002,FC-00044,TC-79-001,Vibration anormale,1.5,2009-06-06T06:49:46,2009-06-06T08:20:33,CLOSED
WO-000000054,ME-00000037,TC-000006,,TC-00-002,Tâche de maintenance sans code défaut associé (inspection/investigation générale),3.6,2009-06-06T07:50:56,2009-06-06T11:29:56,CLOSED
WO-000000055,ME-00000038,TC-000004,FC-00026,TC-71-001,Perte de poussée signalée,1.4,2007-02-03T06:32:18,2007-02-03T07:59:06,CLOSED
WO-000000056,ME-00000039,TC-000001,FC-00047,TC-80-001,,0.5,2006-03-20T00:25:01,2006-03-20T00:23:53,CLOSED
WO-000000057,ME-00000040,TC-000011,FC-00045,TC-79-001,Fuite huile détectée,3.2,2003-10-19T21:18:58,2003-10-20T00:28:35,CLOSED
WO-000000058,ME-00000041,TC-000011,FC-00026,TC-71-001,Perte de poussée signalée,2.6,2009-06-17T15:43:18,2009-06-17T18:16:58,CLOSED
WO-000000059,ME-00000041,TC-000011,,TC-00-002,Tâche de maintenance sans code défaut associé (inspection/investigation générale),5.4,2009-06-17T16:06:39,2009-06-17T21:27:39,CLOSED
WO-000000060,ME-00000041,TC-000011,,TC-00-003,Tâche de maintenance sans code défaut associé (inspection/investigation générale),3.8,2009-06-17T16:09:14,2009-06-17T19:57:56,CLOSED
WO-000000061,ME-00000042,TC-000011,FC-00031,TC-72-001,Dépassement de température,3.6,2018-08-31T15:43:50,2018-08-31T19:21:14,CLOSED
WO-000000062,ME-00000042,TC-000011,,TC-00-002,,6.7,2018-08-31T16:28:22,2018-08-31T23:12:14,CLOSED
WO-000000063,ME-00000043,TC-000015,,TC-00-001,Tâche de maintenance sans code défaut associé (inspection/investigation générale),2.6,2012-11-08T06:26:24,2012-11-08T08:29:28,CLOSED
WO-000000064,ME-00000044,TC-000012,FC-00040,TC-77-001,Vibration anormale,0.9,2003-11-25T09:20:02,2003-11-25T10:14:13,CLOSED
WO-000000065,ME-00000045,TC-000015,,TC-00-001,Tâche de maintenance sans code défaut associé (inspection/investigation générale),3.6,2022-11-30T01:40:14,2022-11-30T04:37:14,CLOSED
WO-000000066,ME-00000046,TC-000004,FC-00026,TC-71-001,Perte de poussée signalée,0.8,2013-12-13T04:00:38,2013-12-13T04:48:26,CLOSED
WO-000000067,ME-00000047,TC-000008,FC-00040,TC-77-001,Vibration anormale,1.4,2014-02-15T21:05:48,2014-02-15T22:03:12,CLOSED
WO-000000068,ME-00000048,TC-000003,,TC-00-001,Tâche de maintenance sans code défaut associé (inspection/investigation générale),3.4,2009-03-16T16:17:57,2009-03-16T19:40:42,CLOSED
WO-000000069,ME-00000049,TC-000006,FC-00037,TC-73-001,Fuite huile détectée,4.2,2021-04-17T04:49:01,2021-04-17T08:59:05,CLOSED
WO-000000070,ME-00000050,TC-000003,FC-00043,TC-79-001,Dépassement de température,4.2,2006-09-13T15:42:48,2006-09-13T19:53:01,CLOSED
WO-000000071,ME-00000050,TC-000003,,TC-00-002,Tâche de maintenance sans code défaut associé (inspection/investigation générale),3.4,2006-09-13T15:38:10,2006-09-13T19:04:06,CLOSED
WO-000000072,ME-00000050,TC-000003,,TC-00-003,Tâche de maintenance sans code défaut associé (inspection/investigation générale),5.9,2006-09-13T16:23:57,2006-09-13T22:17:11,CLOSED
WO-000000073,ME-00000051,TC-000009,,TC-00-001,Tâche de maintenance sans code défaut associé (inspection/investigation générale),2.5,2009-03-02T21:23:27,2009-03-02T23:54:34,CLOSED
WO-000000074,ME-00000052,TC-000009,FC-00023,TC-49-001,Anomalie structurelle mineure,2.3,2021-11-10T10:07:06,2021-11-10T12:28:04,CLOSED
WO-000000075,ME-00000053,TC-000006,FC-00024,TC-49-001,Corrosion détectée,1.4,2018-08-29T23:47:23,2018-08-30T01:09:11,CLOSED
WO-000000076,ME-00000053,TC-000006,,TC-00-002,Tâche de maintenance sans code défaut associé (inspection/investigation générale),6.7,2018-08-29T23:42:13,2018-08-30T06:26:31,CLOSED
WO-000000077,ME-00000054,TC-000011,FC-00024,TC-49-001,Corrosion détectée,1.5,2023-05-13T02:04:14,2023-05-13T03:11:39,CLOSED
WO-000000078,ME-00000055,TC-000007,FC-00023,TC-49-001,Anomalie structurelle mineure,5.4,2019-10-13T05:12:18,2019-10-13T10:37:16,CLOSED
WO-000000079,ME-00000055,TC-000002,,TC-00-002,Tâche de maintenance sans code défaut associé (inspection/investigation générale),2.5,2019-10-13T05:15:00,2019-10-13T07:47:36,CLOSED
WO-000000080,ME-00000055,TC-000010,,TC-00-003,Tâche de maintenance sans code défaut associé (inspection/investigation générale),4.3,2019-10-13T06:11:24,2019-10-13T10:29:57,CLOSED
WO-000000081,ME-00000056,TC-000012,FC-00024,TC-49-001,Corrosion détectée,3.7,2003-07-28T10:42:46,2003-07-28T14:23:10,CLOSED
WO-000000082,ME-00000056,TC-000012,,TC-00-002,Tâche de maintenance sans code défaut associé (inspection/investigation générale),8.7,2003-07-28T11:23:36,2003-07-28T20:07:44,CLOSED
WO-000000083,ME-00000057,TC-000014,FC-00025,TC-49-001,Jeu excessif constaté,1.2,2002-03-11T15:58:45,2002-03-11T17:09:45,CLOSED
WO-000000084,ME-00000057,TC-000007,,TC-00-002,Tâche de maintenance sans code défaut associé (inspection/investigation générale),7.2,2002-03-11T16:15:05,2002-03-11T23:24:24,CLOSED
WO-000000085,ME-00000058,TC-000015,FC-00025,TC-49-001,Jeu excessif constaté,3.5,2006-11-25T19:35:09,2006-11-25T23:03:49,CLOSED
WO-000000086,ME-00000058,TC-000015,,TC-00-002,Tâche de maintenance sans code défaut associé (inspection/investigation générale),8.0,2006-11-25T19:31:54,2006-11-26T03:29:04,CLOSED
WO-000000087,ME-00000059,TC-000002,,TC-00-001,Tâche de maintenance sans code défaut associé (inspection/investigation générale),3.2,2014-12-14T13:46:54,2014-12-14T16:59:41,CLOSED
WO-000000088,ME-00000060,TC-000013,FC-00023,TC-49-001,Anomalie structurelle mineure,1.1,2002-04-08T18:53:16,2002-04-08T20:01:58,CLOSED
WO-000000089,ME-00000061,TC-000006,FC-00023,TC-49-001,Anomalie structurelle mineure,1.2,2023-01-16T12:55:10,2023-01-16T14:08:09,CLOSED
WO-000000090,ME-00000062,TC-000004,FC-00025,TC-49-001,Jeu excessif constaté,2.6,2016-03-29T06:24:36,2016-03-29T09:02:08,CLOSED
WO-000000091,ME-00000062,TC-000002,,TC-00-002,Tâche de maintenance sans code défaut associé (inspection/investigation générale),5.9,2016-03-29T06:37:02,2016-03-29T12:31:13,CLOSED
WO-000000092,ME-00000062,TC-000001,,TC-00-003,Tâche de maintenance sans code défaut associé (inspection/investigation générale),8.2,2016-03-29T07:45:40,2016-03-29T15:56:04,CLOSED
WO-000000093,ME-00000063,TC-000005,,TC-00-001,Tâche de maintenance sans code défaut associé (inspection/investigation générale),7.0,2007-02-28T14:14:28,2007-02-28T21:13:13,CLOSED
WO-000000094,ME-00000064,TC-000013,FC-00024,TC-49-001,Corrosion détectée,0.7,2008-06-22T08:03:30,2008-06-22T08:40:56,CLOSED
WO-000000095,ME-00000065,TC-000010,FC-00025,TC-49-001,Jeu excessif constaté,1.7,2022-07-02T06:23:48,2022-07-02T08:02:59,CLOSED
WO-000000096,ME-00000065,TC-000011,,TC-00-002,Tâche de maintenance sans code défaut associé (inspection/investigation générale),5.9,2022-07-02T06:51:16,2022-07-02T12:47:58,CLOSED
WO-000000097,ME-00000065,TC-000013,,TC-00-003,Tâche de maintenance sans code défaut associé (inspection/investigation générale),4.4,2022-07-02T06:20:47,2022-07-02T10:43:15,CLOSED
WO-000000098,ME-00000066,TC-000010,FC-00025,TC-49-001,Jeu excessif constaté,1.9,2021-04-24T13:14:56,2021-04-24T15:09:33,CLOSED
WO-000000099,ME-00000067,TC-000001,FC-00025,TC-49-001,Jeu excessif constaté,0.9,2004-04-06T02:46:33,2004-04-06T03:40:40,CLOSED
WO-000000100,ME-00000068,TC-000015,,TC-00-001,Tâche de maintenance sans code défaut associé (inspection/investigation générale),11.2,2009-02-16T20:38:39,2009-02-17T07:49:24,CLOSED
WO-000000101,ME-00000069,TC-000004,FC-00012,TC-29-001,Chute de pression hydraulique,2.3,2008-01-19T18:40:19,2008-01-19T20:58:04,CLOSED
WO-000000102,ME-00000070,TC-000009,,TC-00-001,Tâche de maintenance sans code défaut associé (inspection/investigation générale),3.6,2026-03-18T03:38:16,2026-03-18T04:41:17,CLOSED
WO-000000103,ME-00000071,TC-000007,FC-00012,TC-29-001,Chute de pression hydraulique,2.1,2023-11-22T03:26:32,2023-11-22T05:34:24,CLOSED
WO-000000104,ME-00000072,TC-000003,FC-00012,TC-29-001,Chute de pression hydraulique,1.6,2016-09-11T00:27:19,2016-09-11T02:03:10,CLOSED
WO-000000105,ME-00000073,TC-000005,FC-00013,TC-29-001,Fuite de fluide détectée,2.7,2002-05-21T11:50:22,2002-05-21T14:33:51,CLOSED
WO-000000106,ME-00000073,TC-000007,,TC-00-002,Tâche de maintenance sans code défaut associé (inspection/investigation générale),8.2,2002-05-21T12:31:01,2002-05-21T20:41:29,CLOSED
WO-000000107,ME-00000073,TC-000008,,TC-00-003,Tâche de maintenance sans code défaut associé (inspection/investigation générale),5.4,2002-05-21T12:37:07,2002-05-21T18:01:34,CLOSED
WO-000000108,ME-00000074,TC-000007,FC-00012,TC-29-001,Chute de pression hydraulique,3.8,2024-04-08T20:39:46,2024-04-09T00:25:06,CLOSED
WO-000000109,ME-00000074,TC-000010,,TC-00-002,Tâche de maintenance sans code défaut associé (inspection/investigation générale),58.0,2024-04-08T21:53:32,2024-04-09T03:40:59,CLOSED
WO-000000110,ME-00000075,TC-000013,,TC-00-001,Tâche de maintenance sans code défaut associé (inspection/investigation générale),1.4,2011-10-30T00:54:05,2011-10-30T02:15:58,CLOSED
WO-000000111,ME-00000076,TC-000014,FC-00012,TC-29-001,Chute de pression hydraulique,1.3,2003-04-21T17:37:49,2003-04-21T18:54:20,CLOSED
WO-000000112,ME-00000077,TC-000004,FC-00013,TC-29-001,Fuite de fluide détectée,3.3,2022-05-09T04:39:21,2022-05-09T07:22:43,CLOSED
WO-000000113,ME-00000077,TC-000009,,TC-00-002,Tâc,4.1,2022-05-09T04:21:13,2022-05-09T07:22:43,CLOSED
WO-000000114,ME-00000078,TC-000007,FC-00012,TC-29-001,Chute de pression hydraulique,10.5,2010-11-28T15:18:24,2010-11-29T01:47:33,CLOSED
WO-000000115,ME-00000078,TC-000006,,TC-00-002,Tâche de maintenance sans code défaut associé (inspection/investigation générale),11.0,2010-11-28T15:39:38,2010-11-29T02:39:57,CLOSED
WO-000000116,ME-00000078,TC-000002,,TC-00-003,Tâche de maintenance sans code défaut associé (inspection/investigation générale),27.4,2010-11-28T15:42:43,2010-11-29T19:06:54,CLOSED
WO-000000117,ME-00000078,TC-000015,,TC-00-004,Tâche de maintenance sans code défaut associé (inspection/investigation générale),18.3,2010-11-28T16:26:48,2010-11-29T10:42:51,CLOSED
WO-000000118,ME-00000079,TC-000013,FC-00012,TC-29-001,Chute de pression hydraulique,6.0,2012-05-15T21:49:26,2012-05-16T03:50:43,CLOSED
WO-000000119,ME-00000079,TC-000013,,TC-00-002,Tâche de maintenance sans code défaut associé (inspection/investigation générale),4.0,2012-05-15T22:08:38,2012-05-16T02:11:31,CLOSED
WO-000000120,ME-00000080,TC-000006,FC-00012,TC-29-001,Chute de pression hydraulique,0.9,2015-01-24T04:45:00,2015-01-24T05:38:28,CLOSED
WO-000000121,ME-00000081,TC-000005,FC-00012,TC-29-001,Chu,3.0,2020-04-26T08:35:49,2020-04-26T11:37:09,CLOSED
WO-000000122,ME-00000082,TC-000009,FC-00013,TC-29-001,Fuite de fluide détectée,10.5,2006-08-04T17:08:54,2006-08-05T03:40:12,CLOSED
WO-000000123,ME-00000082,TC-000009,,TC-00-002,Tâche de maintenance sans code défaut associé (inspection/investigation générale),36.7,2006-08-04T17:21:26,2006-08-06T06:00:40,CLOSED
WO-000000124,ME-00000082,TC-000009,,TC-00-003,Tâche de maintenance sans code défaut associé (inspection/investigation générale),9.2,2006-08-04T17:30:51,2006-08-05T02:42:09,CLOSED
WO-000000125,ME-00000082,TC-000009,,TC-00-004,Tâche de maintenance sans code défaut associé (inspection/investigation générale),13.9,2006-08-04T17:37:23,2006-08-05T07:28:27,CLOSED
WO-000000126,ME-00000082,TC-000009,,TC-00-005,Tâche de maintenance sans code défaut associé (inspection/investigation générale),12.8,2006-08-04T17:22:15,2006-08-05T06:09:01,CLOSED
WO-000000127,ME-00000082,TC-000009,,TC-00-006,Tâche de maintenance sans code défaut associé (inspection/investigation générale),27.0,2006-08-04T17:51:28,2006-08-05T20:49:43,CLOSED
WO-000000128,ME-00000082,TC-000009,,TC-00-007,Tâche de maintenance sans code défaut associé (inspection/investigation générale),10.9,2006-08-04T17:28:49,2006-08-05T04:24:00,CLOSED
WO-000000129,ME-00000082,TC-000009,,TC-00-008,Tâche de maintenance sans code défaut associé (inspection/investigation générale),23.8,2006-08-04T17:57:49,2006-08-05T17:46:26,CLOSED
WO-000000130,ME-00000082,TC-000009,,TC-00-009,Tâche de maintenance sans code défaut associé (inspection/investigation générale),16.4,2006-08-04T17:13:12,2006-08-05T09:39:13,CLOSED
WO-000000131,ME-00000083,TC-000012,FC-00012,TC-29-001,Chute de pression hydraulique,1.3,2025-12-07T05:24:23,2025-12-07T06:44:49,CLOSED
WO-000000132,ME-00000084,TC-000014,FC-00013,TC-29-001,Fuite de fluide détectée,1.8,2008-06-03T11:54:53,2008-06-03T11:44:14,CLOSED
WO-000000133,ME-00000085,TC-000009,,TC-00-001,Tâche de maintenance sans code défaut associé (inspection/investigation générale),3.8,2025-01-27T10:19:52,2025-01-27T11:38:23,CLOSED
WO-000000134,ME-00000086,TC-000008,FC-00013,TC-29-001,Fuite de fluide détectée,4.9,2019-09-30T06:55:17,2019-09-30T11:47:45,CLOSED
WO-000000135,ME-00000087,TC-000009,,TC-00-001,Tâche de maintenance sans code défaut associé (inspection/investigation générale),2.1,2004-11-06T03:03:46,2004-11-06T05:07:42,CLOSED
WO-000000136,ME-00000088,TC-000013,,TC-00-001,Tâche de maintenance sans code défaut associé (inspection/investigation générale),3.5,2013-11-25T06:02:09,2013-11-25T09:33:18,CLOSED
WO-000000137,ME-00000088,TC-000013,,TC-00-002,Tâche de maintenance sans code défaut associé (inspection/investigation générale),2.2,2013-11-25T06:29:20,2013-11-25T08:42:28,CLOSED
WO-000000138,ME-00000088,TC-000013,,TC-00-003,Tâche de maintenance sans code défaut associé (inspection/investigation générale),4.6,2013-11-25T06:07:56,2013-11-25T10:41:56,CLOSED
WO-000000139,ME-00000089,TC-000008,FC-00012,TC-29-001,Chute de pression hydraulique,10.4,2015-08-19T04:45:34,2015-08-19T15:08:26,CLOSED
WO-000000140,ME-00000089,TC-000008,,TC-00-002,Tâche de maintenance sans code défaut associé (inspection/investigation générale),6.7,2015-08-19T04:47:54,2015-08-19T11:29:33,CLOSED
WO-000000141,ME-00000089,TC-000008,,TC-00-003,Tâche de maintenance sans code défaut associé (inspection/investigation générale),36.3,2015-08-19T05:08:40,2015-08-20T17:25:52,CLOSED
WO-000000142,ME-00000089,TC-000008,,TC-00-004,Tâche de maintenance sans code défaut associé (inspection/investigation générale),52.2,2015-08-19T05:07:14,2015-08-21T09:17:12,CLOSED
WO-000000143,ME-00000089,TC-000005,,TC-00-005,Tâche de maintenance sans code défaut associé (inspection/investigation générale),49.7,2015-08-19T05:10:46,2015-08-21T06:50:52,CLOSED
WO-000000144,ME-00000089,TC-000008,,TC-00-006,Tâche de maintenance sans code défaut associé (inspection/investigation générale),2.15,2015-08-19T04:49:25,2015-08-20T02:18:54,CLOSED
WO-000000145,ME-00000089,TC-000005,,TC-00-007,Tâche de maintenance sans code défaut associé (inspection/investigation générale),12.1,2015-08-19T04:49:01,2015-08-19T16:55:47,CLOSED
WO-000000146,ME-00000089,TC-000005,,TC-00-008,Tâche de maintenance sans code défaut associé (inspection/investigation générale),15.3,2015-08-19T05:02:07,2015-08-19T20:22:18,CLOSED
WO-000000147,ME-00000090,TC-000015,FC-00012,TC-29-001,Chute de pression hydraulique,5.6,2014-12-07T22:50:05,2014-12-08T00:51:18,CLOSED
WO-000000148,ME-00000091,TC-000015,FC-00013,TC-29-001,Fuite de fluide détectée,3.9,2012-11-30T12:06:02,2012-11-30T16:01:29,CLOSED
WO-000000149,ME-00000091,TC-000010,,TC-00-002,Tâche de maintenance sans code défaut associé (inspection/investigation générale),7.4,2012-11-30T12:10:44,2012-11-30T19:35:22,CLOSED
WO-000000150,ME-00000092,TC-000010,FC-00012,TC-29-001,Chute de pression hydraulique,3.5,2010-03-08T21:39:58,2010-03-09T01:10:18,CLOSED
WO-000000151,ME-00000092,TC-000007,,TC-00-002,Tâche de maintenance sans code défaut associé (inspection/investigation générale),2.9,2010-03-08T21:31:42,2010-03-09T00:24:58,CLOSED
WO-000000152,ME-00000092,TC-000015,,TC-00-003,Tâc,4.2,2010-03-08T22:14:39,2010-03-09T02:29:32,CLOSED
WO-000000153,ME-00000093,TC-000003,FC-00012,TC-29-001,Chute de pression hydraulique,2.6,2019-11-20T21:50:26,2019-11-21T00:28:01,CLOSED
WO-000000154,ME-00000094,TC-000007,FC-00012,TC-29-001,Chute de pression hydraulique,1.7,2026-06-02T08:59:19,2026-06-02T10:39:45,CLOSED
WO-000000155,ME-00000095,TC-000013,FC-00012,TC-29-001,Chute de pression hydraulique,3.3,2018-09-23T02:38:39,2018-09-23T05:26:54,CLOSED
WO-000000156,ME-00000096,TC-000005,,TC-00-001,Tâche de maintenance sans code défaut associé (inspection/investigation générale),4.7,2021-08-30T11:46:20,2021-08-30T16:26:06,CLOSED
WO-000000157,ME-00000096,TC-000005,,TC-00-002,Tâche de maintenance sans code défaut associé (inspection/investigation générale),11.5,2021-08-30T11:47:06,2021-08-30T23:18:59,CLOSED
WO-000000158,ME-00000096,TC-000008,,TC-00-003,Tâche de maintenance sans code défaut associé (inspection/investigation générale),14.7,2021-08-30T11:43:09,2021-08-31T02:23:02,CLOSED
WO-000000159,ME-00000096,TC-000005,,TC-00-004,Tâche de maintenance sans code défaut associé (inspection/investigation générale),7.8,2021-08-30T12:11:09,2021-08-30T19:59:06,CLOSED
WO-000000160,ME-00000096,TC-000008,,TC-00-005,Tâche de maintenance sans code défaut associé (inspection/investigation générale),6.9,2021-08-30T12:09:38,2021-08-30T19:02:52,CLOSED
WO-000000161,ME-00000096,TC-000008,,TC-00-006,Tâche de maintenance sans code défaut associé (inspection/investigation générale),20.0,2021-08-30T11:55:06,2021-08-31T07:57:10,CLOSED
WO-000000162,ME-00000096,TC-000005,,TC-00-007,Tâche de maintenance sans code défaut associé (inspection/investigation générale),17.8,2021-08-30T12:04:33,2021-08-31T05:49:46,CLOSED
WO-000000163,ME-00000096,TC-000008,,TC-00-008,Tâche de maintenance sans code défaut associé (inspection/investigation générale),5.3,2021-08-30T12:29:15,2021-08-30T17:49:33,CLOSED
WO-000000164,ME-00000096,TC-000008,,TC-00-009,Tâche de maintenance sans code défaut associé (inspection/investigation générale),16.4,2021-08-30T11:41:59,2021-08-31T04:05:50,CLOSED
WO-000000165,ME-00000097,TC-000006,FC-00015,TC-32-001,Corrosion détectée,2.1,2007-12-14T14:02:29,2007-12-14T16:07:11,CLOSED
WO-000000166,ME-00000097,TC-000011,,TC-00-002,Tâche de maintenance sans code défaut associé (inspection/investigation générale),3.2,2007-12-14T14:53:41,2007-12-14T18:06:36,CLOSED
WO-000000167,ME-00000098,TC-000015,FC-00014,TC-32-001,Anomalie structurelle mineure,12.1,2024-11-25T06:30:33,2024-11-25T18:37:56,CLOSED
WO-000000168,ME-00000098,TC-000015,,TC-00-002,Tâche de maintenance sans code défaut associé (inspection/investigation générale),4.6,2024-11-25T06:30:25,2024-11-25T11:03:48,CLOSED
WO-000000169,ME-00000099,TC-000013,FC-00014,TC-32-001,Anomalie structurelle mineure,7.1,2007-08-23T14:20:14,2007-08-23T21:28:22,CLOSED
WO-000000170,ME-00000099,TC-000013,,TC-00-002,Tâche de maintenance sans code défaut associé (inspection/investigation générale),7.0,2007-08-23T15:20:11,2007-08-23T22:21:59,CLOSED
WO-000000171,ME-00000100,TC-000011,FC-00015,TC-32-001,Corrosion détectée,3.3,2022-05-03T12:10:54,2022-05-03T15:29:55,CLOSED
WO-000000172,ME-00000100,TC-000011,,TC-00-002,Tâche de maintenance sans code défaut associé (inspection/investigation générale),0.5,2022-05-03T12:31:13,2022-05-03T17:33:54,CLOSED
WO-000000173,ME-00000100,TC-000011,,TC-00-003,Tâche de maintenance sans code défaut associé (inspection/investigation générale),1.1,2022-05-03T12:14:46,2022-05-03T13:18:30,CLOSED
WO-000000174,ME-00000101,TC-000007,FC-00014,TC-32-001,Anomalie structurelle mineure,3.9,2020-04-25T10:29:14,2020-04-25T11:32:40,CLOSED
WO-000000175,ME-00000102,TC-000010,FC-00015,TC-32-001,Corrosion détectée,1.5,2008-06-13T15:55:34,2008-06-13T17:24:37,CLOSED
WO-000000176,ME-00000103,TC-000003,FC-00014,TC-32-001,Anomalie structurelle mineure,1.3,2004-06-24T09:18:26,2004-06-24T10:37:51,CLOSED
WO-000000177,ME-00000104,TC-000014,,,Tâche de maintenance sans code défaut associé (inspection/investigation générale),2.3,2009-03-24T22:30:32,2009-03-25T00:51:23,CLOSED
WO-000000178,ME-00000104,TC-000014,,TC-00-002,Tâche de maintenance sans code défaut associé (inspection/investigation générale),5.8,2009-03-24T22:23:04,2009-03-25T04:08:25,CLOSED
WO-000000179,ME-00000105,TC-000010,FC-00014,TC-32-001,Anomalie structurelle mineure,7.5,2022-07-31T08:17:06,2022-07-31T15:47:50,CLOSED
WO-000000180,ME-00000106,TC-000003,FC-00015,TC-32-001,Corrosion détectée,1.3,2023-12-20T17:21:43,2023-12-20T18:39:08,CLOSED
WO-000000181,ME-00000107,TC-000006,FC-00015,TC-32-001,Corrosion détectée,7.4,2013-12-10T14:48:45,2013-12-10T22:11:51,CLOSED
WO-000000182,ME-00000107,TC-000011,,TC-00-002,Tâche de maintenance sans code défaut associé (inspection/investigation générale),29.4,2013-12-10T14:50:11,2013-12-11T20:12:18,CLOSED
WO-000000183,ME-00000107,TC-000012,,TC-00-003,Tâche de maintenance sans code défaut associé (inspection/investigation générale),11.7,2013-12-10T15:28:02,2013-12-11T03:11:41,CLOSED
WO-000000184,ME-00000107,TC-000015,,TC-00-004,Tâche de maintenance sans code défaut associé (inspection/investigation générale),17.0,2013-12-10T14:43:57,2013-12-11T07:42:01,CLOSED
WO-000000185,ME-00000107,TC-000007,,TC-00-005,Tâche de maintenance sans code défaut associé (inspection/investigation générale),22.3,2013-12-10T15:21:15,2013-12-11T13:36:55,CLOSED
WO-000000186,ME-00000108,TC-000005,FC-00017,TC-34-001,Perte de communication intermittente,2.7,2016-01-13T05:59:07,2016-01-13T08:39:26,CLOSED
WO-000000187,ME-00000109,TC-000007,FC-00020,TC-45-001,Perte de communication intermittente,6.8,2021-10-13T19:24:39,2021-10-14T02:11:02,CLOSED
WO-000000188,ME-00000109,TC-000007,,TC-00-002,Tâche de maintenance sans code défaut associé (inspection/investigation générale),46.0,2021-10-13T19:21:22,2021-10-13T23:57:40,CLOSED
WO-000000189,ME-00000109,TC-000007,,TC-00-003,Tâche de maintenance sans code défaut associé (inspection/investigation générale),2.3,2021-10-13T20:24:21,2021-10-13T22:43:17,CLOSED
WO-000000190,ME-00000110,TC-000007,FC-00022,TC-45-001,Message CFDS répétitif,1.5,2024-06-29T06:15:38,2024-06-29T07:46:13,CLOSED
WO-000000191,ME-00000111,TC-000013,FC-00019,TC-34-001,Message CFDS répétitif,17.0,2020-12-13T17:55:25,2020-12-13T19:36:03,CLOSED
WO-000000192,ME-00000112,TC-000001,FC-00022,TC-45-001,Message CFDS répétitif,2.6,2020-10-21T06:29:56,2020-10-21T09:07:25,CLOSED
WO-000000193,ME-00000113,TC-000011,,TC-00-001,Tâche de maintenance sans code défaut associé (inspection/investigation générale),1.9,2015-02-27T09:30:29,2015-02-27T11:24:14,CLOSED
WO-000000194,ME-00000114,TC-000012,FC-00021,TC-45-001,Erreur de calibration capteur,11.9,2020-09-14T10:39:15,2020-09-14T22:31:28,CLOSED
WO-000000195,ME-00000114,TC-000007,,TC-00-002,Tâche de maintenance sans code défaut associé (inspection/investigation générale),6.9,2020-09-14T10:55:04,2020-09-14T17:49:11,CLOSED
WO-000000196,ME-00000114,TC-000012,,TC-00-003,Tâche de maintenance sans code défaut associé (inspection/investigation générale),8.4,2020-09-14T10:42:12,2020-09-14T19:05:24,CLOSED
WO-000000197,ME-00000114,TC-000005,,TC-00-004,Tâche de maintenance sans code défaut associé (inspection/investigation générale),16.4,2020-09-14T11:22:56,2020-09-15T03:47:00,CLOSED
WO-000000198,ME-00000114,TC-000007,,TC-00-005,Tâche de maintenance sans code défaut associé (inspection/investigation générale),14.4,2020-09-14T11:16:01,2020-09-15T01:37:49,CLOSED
WO-000000199,ME-00000114,TC-000015,,TC-00-006,Tâche de maintenance sans code défaut associé (inspection/investigation générale),9.4,2020-09-14T11:22:12,2020-09-14T20:48:17,CLOSED
WO-000000200,ME-00000114,TC-000003,,TC-00-007,Tâche de maintenance sans code défaut associé (inspection/investigation générale),10.3,2020-09-14T11:21:01,2020-09-14T21:39:42,CLOSED
WO-000000201,ME-00000114,TC-000005,,TC-00-008,Tâche de maintenance sans code défaut associé (inspection/investigation générale),17.0,2020-09-14T11:27:36,2020-09-15T04:30:24,CLOSED
WO-000000202,ME-00000115,TC-000001,,TC-00-001,Tâche de maintenance sans code défaut associé (inspection/investigation générale),2.7,2012-04-08T22:57:43,2012-04-09T00:31:33,CLOSED
WO-000000203,ME-00000116,TC-000006,FC-00021,TC-45-001,Erreur de calibration capteur,4.3,2001-11-29T00:27:56,2001-11-29T04:46:12,CLOSED
WO-000000204,ME-00000116,TC-000006,,TC-00-002,Tâche de maintenance sans code défaut associé (inspection/investigation générale),4.2,2001-11-29T01:00:20,2001-11-29T05:13:27,CLOSED
WO-000000205,ME-00000116,TC-000006,,TC-00-003,Tâche de maintenance sans code défaut associé (inspection/investigation générale),5.1,2001-11-29T00:51:19,2001-11-29T05:59:20,CLOSED
WO-000000206,ME-00000117,TC-000010,,,Tâche de maintenance sans code défaut associé (inspection/investigation générale),1.8,2020-04-06T16:09:49,2020-04-06T17:56:28,CLOSED
WO-000000207,ME-00000117,TC-000012,,TC-00-002,Tâche de maintenance sans code défaut associé (inspection/investigation générale),3.2,2020-04-06T17:01:59,2020-04-06T20:16:24,CLOSED
WO-000000208,ME-00000118,TC-000011,FC-00019,TC-34-001,Message CFDS répétitif,2.9,2024-09-27T13:09:01,2024-09-27T16:04:50,CLOSED
WO-000000209,ME-00000118,TC-000011,,TC-00-002,Tâche de maintenance sans code défaut associé (inspection/investigation générale),3.3,2024-09-27T13:39:56,2024-09-27T16:59:27,CLOSED
WO-000000210,ME-00000119,TC-000005,FC-00018,TC-34-001,Erreur de calibration capteur,0.8,2022-02-18T15:06:44,2022-02-18T15:55:05,CLOSED
WO-000000211,ME-00000120,TC-000009,FC-00020,TC-45-001,Perte de communication intermittente,3.8,2015-05-07T20:10:36,2015-05-07T23:57:08,CLOSED
WO-000000212,ME-00000120,TC-000007,,TC-00-002,Tâche de maintenance sans code défaut associé (inspection/investigation générale),3.0,2015-05-07T21:07:33,2015-05-08T00:05:43,CLOSED
WO-000000213,ME-00000120,TC-000015,,TC-00-003,Tâche de maintenance sans code défaut associé (inspection/investigation générale),4.9,2015-05-07T20:10:36,2015-05-08T01:07:16,CLOSED
WO-000000214,ME-00000121,TC-000012,FC-00018,TC-34-001,Erreur de calibration capteur,2.5,2020-01-26T07:39:54,2020-01-26T10:08:01,CLOSED
WO-000000215,ME-00000122,TC-000003,FC-00022,TC-45-001,Message CFDS répétitif,3.9,2011-03-11T18:39:04,2011-03-11T22:33:04,CLOSED
WO-000000216,ME-00000123,TC-000001,FC-00022,TC-45-001,Message CFDS répétitif,1.4,2006-08-10T19:39:04,2006-08-10T21:00:22,CLOSED
WO-000000217,ME-00000124,TC-000011,FC-00022,TC-45-001,Message CFDS répétitif,1.2,2005-12-06T11:28:51,2005-12-06T12:40:29,CLOSED
WO-000000218,ME-00000125,TC-000006,FC-00019,TC-34-001,Message CFDS répétitif,6.0,2016-05-02T20:09:49,2016-05-03T02:12:18,CLOSED
WO-000000219,ME-00000125,TC-000002,,TC-00-002,Tâche de maintenance sans code défaut associé (inspection/investigation générale),3.6,2016-05-02T19:56:51,2016-05-02T23:30:47,CLOSED
WO-000000220,ME-00000126,TC-000010,FC-00018,TC-34-001,Erreur de calibration capteur,7.2,2012-06-09T12:05:07,2012-06-09T19:14:28,CLOSED
WO-000000221,ME-00000126,TC-000010,,TC-00-002,Tâche de maintenance sans code défaut associé (inspection/investigation générale),20.9,2012-06-09T11:53:05,2012-06-10T08:50:05,CLOSED
WO-000000222,ME-00000126,TC-000002,,TC-00-003,Tâche de maintenance sans code défaut associé (inspection/investigation générale),8.2,2012-06-09T12:35:16,2012-06-09T20:44:59,CLOSED
WO-000000223,ME-00000127,TC-000004,,TC-00-001,Tâche de maintenance sans code défaut associé (inspection/investigation générale),6.8,2008-09-22T14:20:45,2008-09-22T21:08:36,CLOSED
WO-000000224,ME-00000127,TC-000014,,TC-00-002,Tâc,12.2,2008-09-22T14:54:04,2008-09-23T03:05:28,CLOSED
WO-000000225,ME-00000128,TC-000014,FC-00018,TC-34-001,Erreur de calibration capteur,3.2,2024-01-23T04:07:10,2024-01-23T07:21:27,CLOSED
WO-000000226,ME-00000128,TC-000006,,TC-00-002,Tâche de maintenance sans code défaut associé (inspection/investigation générale),6.7,2024-01-23T04:05:51,2024-01-23T10:45:35,CLOSED
WO-000000227,ME-00000128,TC-000006,,TC-00-003,Tâche de maintenance sans code défaut associé (inspection/investigation générale),5.4,2024-01-23T05:00:53,2024-01-23T10:27:51,CLOSED
WO-000000228,ME-00000129,TC-000006,FC-00018,TC-34-001,Erreur de calibration capteur,5.7,2017-01-01T16:04:01,2017-01-01T21:47:50,CLOSED
WO-000000229,ME-00000129,TC-000006,,TC-00-002,Tâche de maintenance sans code défaut associé (inspection/investigation générale),17.0,2017-01-01T16:48:56,2017-01-02T09:50:18,CLOSED
WO-000000230,ME-00000130,TC-000003,FC-00020,TC-45-001,Perte de communication intermittente,4.4,2009-07-09T04:48:09,2009-07-09T06:15:32,CLOSED
WO-000000231,ME-00000131,TC-000005,FC-00018,TC-34-001,Erreur de calibration capteur,10.3,2023-01-28T05:50:04,2023-01-28T16:05:57,CLOSED
WO-000000232,ME-00000131,TC-000014,,TC-00-002,Tâche de maintenance sans code défaut associé (inspection/investigation générale),2.7,2023-01-28T05:27:22,2023-01-28T08:09:16,CLOSED
WO-000000233,ME-00000132,TC-000015,FC-00022,TC-45-001,Message CFDS répétitif,5.4,2023-10-14T19:53:23,2023-10-15T01:19:38,CLOSED
WO-000000234,ME-00000132,TC-000015,,TC-00-002,Tâche de maintenance sans code défaut associé (inspection/investigation générale),6.2,2023-10-14T20:47:49,2023-10-15T03:01:20,CLOSED
WO-000000235,ME-00000133,TC-000008,FC-00019,TC-34-001,Message CFDS répétitif,1.5,2013-07-10T07:33:42,2013-07-10T09:01:02,CLOSED
WO-000000236,ME-00000134,TC-000009,FC-00018,TC-34-001,Erreur de calibration capteur,7.8,2015-06-10T06:59:17,2015-06-10T08:24:42,CLOSED
WO-000000237,ME-00000135,TC-000013,FC-00019,TC-34-001,Message CFDS répétitif,4.0,2002-02-19T21:25:14,2002-02-20T01:27:15,CLOSED
WO-000000238,ME-00000136,TC-000015,FC-00020,TC-45-001,Perte de communication intermittente,76.0,2026-02-13T15:26:50,2026-02-13T23:03:54,CLOSED
WO-000000239,ME-00000137,TC-000008,FC-00005,TC-24-001,Défaut d'isolement,1.9,2010-07-29T13:29:19,2010-07-29T15:21:56,CLOSED
WO-000000240,ME-00000138,TC-000014,FC-00004,TC-24-001,Disjoncteur déclenché de façon répétée,0.8,2012-06-24T20:00:38,2012-06-24T20:50:13,CLOSED
WO-000000241,ME-00000139,TC-000004,FC-00005,TC-24-001,Défaut d'isolement,5.3,2004-08-19T06:47:02,2004-08-19T12:02:04,CLOSED
WO-000000242,ME-00000139,TC-000011,,TC-00-002,Tâche de maintenance sans code défaut associé (inspection/investigation générale),1.8,2004-08-19T07:37:57,2004-08-19T09:25:36,CLOSED
WO-000000243,ME-00000139,TC-000013,,TC-00-003,Tâche de maintenance sans code défaut associé (inspection/investigation générale),2.5,2004-08-19T06:58:16,2004-08-19T09:27:41,CLOSED
WO-000000244,ME-00000140,TC-000003,FC-00005,TC-24-001,Défaut d'isolement,3.7,2017-07-10T09:35:05,2017-07-10T13:19:39,CLOSED
WO-000000245,ME-00000141,TC-000003,FC-00005,TC-24-001,Défaut d'isolement,12.1,2009-09-24T11:11:36,2009-09-24T23:17:41,CLOSED
WO-000000246,ME-00000141,TC-000003,,TC-00-002,Tâche de maintenance sans code défaut associé (inspection/investigation générale),18.8,2009-09-24T11:15:17,2009-09-25T06:05:39,CLOSED
WO-000000247,ME-00000141,TC-000003,,TC-00-003,Tâche de maintenance sans code défaut associé (inspection/investigation générale),28.3,2009-09-24T11:41:19,2009-09-25T15:56:57,CLOSED
WO-000000248,ME-00000141,TC-000003,,TC-00-004,Tâche de maintenance sans code défaut associé (inspection/investigation générale),21.4,2009-09-24T10:56:53,2009-09-25T08:22:16,CLOSED
WO-000000249,ME-00000142,TC-000009,FC-00005,TC-24-001,Défaut d'isolement,18.0,2005-03-03T21:42:12,2005-03-03T23:32:19,CLOSED
WO-000000250,ME-00000143,TC-000010,FC-00005,TC-24-001,Défaut d'isolement,0.9,2024-04-19T04:40:09,2024-04-19T05:34:47,CLOSED
WO-000000251,ME-00000144,TC-000003,FC-00005,TC-24-001,Défaut d'isolement,9.2,2018-03-13T00:33:46,2018-03-13T09:43:18,CLOSED
WO-000000252,ME-00000144,TC-000003,,TC-00-002,Tâche de maintenance sans code défaut associé (inspection/investigation générale),3.3,2018-03-13T00:57:00,2018-03-13T04:15:26,CLOSED
WO-000000253,ME-00000144,TC-000003,,TC-00-003,Tâche de maintenance sans code défaut associé (inspection/investigation générale),3.6,2018-03-13T01:26:30,2018-03-13T05:01:41,CLOSED
WO-000000254,ME-00000145,TC-000011,FC-00005,TC-24-001,Défaut d'isolement,2.1,2021-03-09T02:59:06,2021-03-09T05:04:10,CLOSED
WO-000000255,ME-00000146,TC-000014,,TC-00-001,Tâche de maintenance sans code défaut associé (inspection/investigation générale),2.0,2025-08-06T17:00:46,2025-08-06T18:42:40,CLOSED
WO-000000256,ME-00000147,TC-000005,FC-00005,TC-24-001,Défaut d'isolement,1.5,2023-03-16T20:51:59,2023-03-16T22:24:23,CLOSED
WO-000000257,ME-00000148,TC-000005,FC-00004,TC-24-001,Disjoncteur déclenché de façon répétée,3.9,2013-03-04T12:15:15,2013-03-04T16:08:28,CLOSED
WO-000000258,ME-00000148,TC-000005,,TC-00-002,Tâche de maintenance sans code défaut associé (inspection/investigation générale),1.9,2013-03-04T13:25:19,2013-03-04T15:16:35,CLOSED
WO-000000259,ME-00000149,TC-000013,,TC-00-001,Tâche de maintenance sans code défaut associé (inspection/investigation générale),1.7,2005-04-27T12:32:02,2005-04-27T14:11:25,CLOSED
WO-000000260,ME-00000149,TC-000013,,TC-00-002,Tâche de maintenance sans code défaut associé (inspection/investigation générale),6.3,2005-04-27T12:39:13,2005-04-27T18:55:56,CLOSED
WO-000000261,ME-00000149,TC-000013,,TC-00-003,Tâc,5.2,2005-04-27T13:18:20,2005-04-27T18:27:37,CLOSED
WO-000000262,ME-00000150,TC-000012,FC-00004,TC-24-001,Disjoncteur déclenché de façon répétée,2.2,2026-05-29T15:12:00,2026-05-29T17:26:12,CLOSED
WO-000000263,ME-00000151,TC-000008,FC-00005,TC-24-001,Défaut d'isolement,3.3,2024-03-06T01:01:09,2024-03-06T04:21:32,CLOSED
WO-000000264,ME-00000151,TC-000006,,TC-00-002,Tâche de maintenance sans code défaut associé (inspection/investigation générale),3.6,2024-03-06T02:18:41,2024-03-06T05:52:56,CLOSED
WO-000000265,ME-00000152,TC-000011,FC-00004,TC-24-001,Disjoncteur déclenché de façon répétée,16.0,2011-12-10T06:42:50,2011-12-10T08:19:16,CLOSED
WO-000000266,ME-00000152,TC-000011,,TC-00-002,Tâche de maintenance sans code défaut associé (inspection/investigation générale),2.2,2011-12-10T07:20:06,2011-12-10T09:34:30,CLOSED
WO-000000267,ME-00000153,TC-000003,FC-00005,TC-24-001,Défaut d'isolement,1.2,2015-01-28T03:08:40,2015-01-28T04:19:44,CLOSED
WO-000000268,ME-00000154,TC-000007,FC-00004,TC-24-001,Disjoncteur déclenché de façon répétée,11.9,2020-05-02T09:51:23,2020-05-02T21:46:42,CLOSED
WO-000000269,ME-00000154,TC-000002,,TC-00-002,Tâche de maintenance sans code défaut associé (inspection/investigation générale),11.2,2020-05-02T09:50:19,2020-05-02T21:04:29,CLOSED
WO-000000270,ME-00000154,TC-000007,,TC-00-003,Tâche de maintenance sans code défaut associé (inspection/investigation générale),14.5,2020-05-02T10:14:16,2020-05-03T00:41:33,CLOSED
WO-000000271,ME-00000154,TC-000010,,TC-00-004,Tâche de maintenance sans code défaut associé (inspection/investigation générale),28.3,2020-05-02T10:18:27,2020-05-03T14:39:01,CLOSED
WO-000000272,ME-00000154,TC-000010,,TC-00-005,Tâche de maintenance sans code défaut associé (inspection/investigation générale),12.9,2020-05-02T09:52:32,2020-05-02T22:46:28,CLOSED
WO-000000273,ME-00000154,TC-000010,,TC-00-006,Tâche de maintenance sans code défaut associé (inspection/investigation générale),14.3,2020-05-02T10:28:34,2020-05-03T00:46:26,CLOSED
WO-000000274,ME-00000154,TC-000007,,TC-00-007,Tâche de maintenance sans code défaut associé (inspection/investigation générale),8.0,2020-05-02T10:03:21,2020-05-02T18:02:07,CLOSED
WO-000000275,ME-00000154,TC-000002,,TC-00-008,Tâche de maintenance sans code défaut associé (inspection/investigation générale),16.9,2020-05-02T09:57:34,2020-05-03T02:50:46,CLOSED
WO-000000276,ME-00000154,TC-000002,,,Tâche de maintenance sans code défaut associé (inspection/investigation générale),5.6,2020-05-02T10:22:30,2020-05-02T15:58:46,CLOSED
WO-000000277,ME-00000155,TC-000003,FC-00004,TC-24-001,Disjoncteur déclenché de façon répétée,3.9,2011-06-13T11:02:02,2011-06-13T14:54:38,CLOSED
WO-000000278,ME-00000156,TC-000003,FC-00005,TC-24-001,Défaut d'isolement,1.5,2025-08-23T18:26:47,2025-08-23T19:55:02,CLOSED
WO-000000279,ME-00000157,TC-000012,FC-00004,TC-24-001,Disjoncteur déclenché de façon répétée,0.9,2023-10-27T06:17:54,2023-10-27T07:14:32,CLOSED
WO-000000280,ME-00000158,TC-000011,FC-00004,TC-24-001,Disjoncteur déclenché de façon répétée,10.5,2013-02-19T01:29:34,2013-02-19T11:58:55,CLOSED
WO-000000281,ME-00000158,TC-000009,,TC-00-002,Tâche de maintenance sans code défaut associé (inspection/investigation générale),5.0,2013-02-19T02:17:47,2013-02-19T07:16:22,CLOSED
WO-000000282,ME-00000159,TC-000013,FC-00004,TC-24-001,Disjoncteur déclenché de façon répétée,7.3,2011-05-24T10:01:38,2011-05-24T17:17:20,CLOSED
WO-000000283,ME-00000159,TC-000013,,TC-00-002,Tâche de maintenance sans code défaut associé (inspection/investigation générale),14.7,2011-05-24T10:10:57,2011-05-25T00:50:36,CLOSED
WO-000000284,ME-00000159,TC-000013,,TC-00-003,Tâche de maintenance sans code défaut associé (inspection/investigation générale),15.6,2011-05-24T10:30:55,2011-05-25T02:05:35,CLOSED
WO-000000285,ME-00000159,TC-000013,,TC-00-004,Tâche de maintenance sans code défaut associé (inspection/investigation générale),20.9,2011-05-24T10:29:49,2011-05-25T07:22:01,CLOSED
WO-000000286,ME-00000159,TC-000013,,TC-00-005,Tâche de maintenance sans code défaut associé (inspection/investigation générale),9.6,2011-05-24T10:25:13,2011-05-24T19:59:40,CLOSED
WO-000000287,ME-00000159,TC-000013,,TC-00-006,Tâche de maintenance sans code défaut associé (inspection/investigation générale),12.1,2011-05-24T10:52:56,2011-05-24T23:00:37,CLOSED
WO-000000288,ME-00000159,TC-000013,,TC-00-007,Tâche de maintenance sans code défaut associé (inspection/investigation générale),16.8,2011-05-24T11:13:19,2011-05-25T04:02:48,CLOSED
WO-000000289,ME-00000159,TC-000013,,TC-00-008,Tâche de maintenance sans code défaut associé (inspection/investigation générale),19.4,2011-05-24T10:45:14,2011-05-25T06:09:03,CLOSED
WO-000000290,ME-00000160,TC-000013,,TC-00-001,Tâc,7.4,2007-12-07T07:54:06,2007-12-07T15:17:26,CLOSED
WO-000000291,ME-00000160,TC-000013,,TC-00-002,Tâche de maintenance sans code défaut associé (inspection/investigation générale),6.7,2007-12-07T07:54:46,2007-12-07T14:39:45,CLOSED
WO-000000292,ME-00000160,TC-000015,,TC-00-003,Tâche de maintenance sans code défaut associé (inspection/investigation générale),11.4,2007-12-07T08:44:10,2007-12-07T20:11:02,CLOSED
WO-000000293,ME-00000161,TC-000015,FC-00005,TC-24-001,Défaut d'isolement,1.6,2011-01-09T19:58:00,2011-01-09T21:33:20,CLOSED
WO-000000294,ME-00000162,TC-000008,FC-00010,TC-28-001,Corrosion détectée,0.6,2021-11-27T07:15:04,2021-11-27T07:49:09,CLOSED
WO-000000295,ME-00000163,TC-000015,FC-00009,TC-28-001,Anomalie structurelle mineure,1.4,2012-01-10T03:03:01,2012-01-10T04:24:32,CLOSED
WO-000000296,ME-00000163,TC-000015,,TC-00-002,Tâche de maintenance sans code défaut associé (inspection/investigation générale),1.3,2012-01-10T03:54:44,2012-01-10T05:09:56,CLOSED
WO-000000297,ME-00000164,TC-000011,FC-00011,TC-28-001,Jeu excessif constaté,2.4,2020-01-22T10:59:57,2020-01-22T13:24:43,CLOSED
WO-000000298,ME-00000165,TC-000005,FC-00009,TC-28-001,Anomalie structurelle mineure,17.0,2017-04-19T23:17:16,2017-04-20T00:57:42,CLOSED
WO-000000299,ME-00000166,TC-000011,,TC-00-001,Tâche de maintenance sans code défaut associé (inspection/investigation générale),5.7,2006-05-20T19:11:59,2006-05-21T00:55:20,CLOSED
WO-000000300,ME-00000167,TC-000013,FC-00011,TC-28-001,Jeu excessif constaté,4.1,2009-07-05T03:03:19,2009-07-05T07:09:01,CLOSED
WO-000000301,ME-00000167,TC-000013,,TC-00-002,Tâche de maintenance sans code défaut associé (inspection/investigation générale),6.9,2009-07-05T02:52:38,2009-07-05T09:45:44,CLOSED
WO-000000302,ME-00000168,TC-000013,,TC-00-001,Tâche de maintenance sans code défaut associé (inspection/investigation générale),0.7,2014-04-26T20:10:52,2014-04-26T20:55:35,CLOSED
WO-000000303,ME-00000169,TC-000001,,TC-00-001,Tâche de maintenance sans code défaut associé (inspection/investigation générale),2.0,2018-08-08T09:48:39,2018-08-08T11:49:50,CLOSED
WO-000000304,ME-00000169,TC-000003,,TC-00-002,Tâche de maintenance sans code défaut associé (inspection/investigation générale),3.2,2018-08-08T09:28:10,2018-08-08T12:37:52,CLOSED
WO-000000305,ME-00000170,TC-000007,FC-00006,TC-27-001,Anomalie structurelle mineure,4.6,2021-10-20T16:49:34,2021-10-20T21:25:14,CLOSED
WO-000000306,ME-00000170,TC-000014,,TC-00-002,Tâche de maintenance sans code défaut associé (inspection/investigation générale),3.6,2021-10-20T16:40:43,2021-10-20T20:18:07,CLOSED
WO-000000307,ME-00000170,TC-000015,,TC-00-003,Tâche de maintenance sans code défaut associé (inspection/investigation générale),3.0,2021-10-20T16:34:21,2021-10-20T19:32:27,CLOSED
WO-000000308,ME-00000171,TC-000005,,TC-00-001,Tâche de maintenance sans code défaut associé (inspection/investigation générale),1.8,2025-06-01T03:06:39,2025-06-01T04:28:45,CLOSED
WO-000000309,ME-00000172,TC-000003,,TC-00-001,,2.0,2015-08-03T12:42:32,2015-08-03T14:39:59,CLOSED
WO-000000310,ME-00000173,TC-000012,FC-00008,TC-27-001,Jeu excessif constaté,0.4,2023-11-23T06:00:20,2023-11-23T06:23:21,CLOSED
WO-000000311,ME-00000174,TC-000014,FC-00007,TC-27-001,Corrosion détectée,16.1,2019-03-31T14:21:50,2019-04-01T06:28:10,CLOSED
WO-000000312,ME-00000174,TC-000007,,TC-00-002,Tâche de maintenance sans code défaut associé (inspection/investigation générale),3.8,2019-03-31T14:30:32,2019-03-31T18:20:12,CLOSED
WO-000000313,ME-00000174,TC-000008,,TC-00-003,Tâche de maintenance sans code défaut associé (inspection/investigation générale),8.4,2019-03-31T15:27:29,2019-03-31T23:51:32,CLOSED
WO-000000314,ME-00000175,TC-000014,,TC-00-001,Tâche de maintenance sans code défaut associé (inspection/investigation générale),8.6,2018-04-22T13:07:11,2018-04-22T21:44:15,CLOSED
WO-000000315,ME-00000175,TC-000004,,TC-00-002,Tâche de maintenance sans code défaut associé (inspection/investigation générale),4.6,2018-04-22T12:26:34,2018-04-22T17:05:10,CLOSED
WO-000000316,ME-00000176,TC-000003,FC-00008,TC-27-001,Jeu excessif constaté,0.8,2025-08-16T15:51:36,2025-08-16T16:36:43,CLOSED
WO-000000317,ME-00000177,TC-000008,FC-00006,TC-27-001,Anomalie structurelle mineure,2.7,2017-10-14T22:59:02,2017-10-15T01:38:47,CLOSED
WO-000000318,ME-00000178,TC-000003,FC-00007,TC-27-001,Corrosion détectée,3.1,2005-04-06T17:49:23,2005-04-06T20:56:05,CLOSED
WO-000000319,ME-00000179,TC-000011,FC-00007,TC-27-001,Corrosion détectée,13.6,2016-02-20T07:09:41,2016-02-20T09:44:53,CLOSED
WO-000000320,ME-00000179,TC-000011,,TC-00-002,Tâche de maintenance sans code défaut associé (inspection/investigation générale),2.2,2016-02-20T07:16:03,2016-02-20T09:27:58,CLOSED
WO-000000321,ME-00000180,TC-000011,FC-00006,TC-27-001,Anomalie structurelle mineure,2.9,2016-11-30T16:15:43,2016-11-30T19:11:55,CLOSED
WO-000000322,ME-00000180,TC-000011,,TC-00-002,Tâche de maintenance sans code défaut associé (inspection/investigation générale),4.0,2016-11-30T16:48:16,2016-11-30T19:20:51,CLOSED
WO-000000323,ME-00000181,TC-000007,FC-00003,TC-21-001,Jeu excessif constaté,1.8,2022-05-28T09:18:41,2022-05-28T11:05:18,CLOSED
WO-000000324,ME-00000182,TC-000014,FC-00003,TC-21-001,Jeu excessif constaté,1.9,2003-05-11T12:58:04,2003-05-11T14:26:11,CLOSED
WO-000000325,ME-00000183,TC-000005,FC-00002,TC-21-001,Corrosion détectée,1.5,2022-05-08T03:05:42,2022-05-08T03:30:39,CLOSED
WO-000000326,ME-00000184,TC-000008,FC-00003,TC-21-001,Jeu excessif constaté,0.5,2010-01-21T00:18:11,2010-01-21T00:47:29,CLOSED
WO-000000327,ME-00000185,TC-000008,FC-00001,TC-21-001,Anomalie structurelle mineure,1.3,2009-07-29T12:20:43,2009-07-29T13:40:41,CLOSED
WO-000000328,ME-00000186,TC-000014,FC-00001,TC-21-001,Anomalie structurelle mineure,3.3,2004-10-18T05:00:07,2004-10-18T06:05:05,CLOSED
WO-000000329,ME-00000187,TC-000010,FC-00003,TC-21-001,Jeu excessif constaté,1.6,2006-05-09T09:54:40,2006-05-09T11:29:28,CLOSED
WO-000000330,ME-00000188,TC-000005,,TC-00-001,Tâche de maintenance sans code défaut associé (inspection/investigation générale),,2008-12-25T20:13:23,2008-12-25T21:40:13,CLOSED
WO-000000331,ME-00000189,TC-000004,FC-00002,TC-21-001,Corrosion détectée,7.9,2002-06-28T02:49:34,2002-06-28T10:45:30,CLOSED
WO-000000332,ME-00000190,TC-000015,FC-00002,TC-21-001,Corrosion détectée,0.9,2024-05-12T19:15:25,2024-05-12T20:11:45,CLOSED
WO-000000333,ME-00000191,TC-000007,,TC-00-001,Tâche de maintenance sans code défaut associé (inspection/investigation générale),26.7,2004-02-09T00:30:20,2004-02-10T03:12:59,CLOSED
WO-000000334,ME-00000191,TC-000002,,TC-00-002,Tâc,8.7,2004-02-09T00:29:06,2004-02-09T09:10:25,CLOSED
WO-000000335,ME-00000191,TC-000007,,TC-00-003,Tâche de maintenance sans code défaut associé (inspection/investigation générale),3.34,2004-02-09T00:59:34,2004-02-10T10:21:26,CLOSED
WO-000000336,ME-00000191,TC-000007,,TC-00-004,Tâche de maintenance sans code défaut associé (inspection/investigation générale),15.1,2004-02-09T01:12:37,2004-02-09T16:20:10,CLOSED
WO-000000337,ME-00000191,TC-000010,,TC-00-005,Tâche de maintenance sans code défaut associé (inspection/investigation générale),16.8,2004-02-09T00:31:47,2004-02-09T17:21:05,CLOSED
WO-000000338,ME-00000191,TC-000002,,TC-00-006,Tâche de maintenance sans code défaut associé (inspection/investigation générale),28.0,2004-02-09T01:35:13,2004-02-10T05:35:50,CLOSED
WO-000000339,ME-00000192,TC-000015,,TC-00-001,Tâche de maintenance sans code défaut associé (inspection/investigation générale),6.4,2014-12-18T12:53:31,2014-12-18T19:16:12,CLOSED
WO-000000340,ME-00000192,TC-000003,,,Tâche de maintenance sans code défaut associé (inspection/investigation générale),2.3,2014-12-18T13:24:09,2014-12-18T15:41:09,CLOSED
WO-000000341,ME-00000193,TC-000005,FC-00002,TC-21-001,Corrosion détectée,5.6,2007-08-15T17:24:45,2007-08-15T23:00:58,CLOSED
WO-000000342,ME-00000193,TC-000005,,TC-00-002,Tâche de maintenance sans code défaut associé (inspection/investigation générale),3.3,2007-08-15T17:26:44,2007-08-15T20:43:48,CLOSED
WO-000000343,ME-00000193,TC-000008,,TC-00-003,Tâche de maintenance sans code défaut associé (inspection/investigation générale),2.4,2007-08-15T17:30:54,2007-08-15T19:56:27,CLOSED
WO-000000344,ME-00000194,TC-000006,,TC-00-001,Tâche de maintenance sans code défaut associé (inspection/investigation générale),8.1,2018-12-26T06:29:54,2018-12-26T14:36:47,CLOSED
WO-000000345,ME-00000195,TC-000011,FC-00002,TC-21-001,Corrosion détectée,3.7,2010-05-05T07:40:04,2010-05-05T11:20:24,CLOSED
WO-000000346,ME-00000196,TC-000005,FC-00002,TC-21-001,Corrosion détectée,2.6,2003-11-28T02:15:09,2003-11-28T04:51:59,CLOSED
WO-000000347,ME-00000197,TC-000001,,TC-00-001,Tâche de maintenance sans code défaut associé (inspection/investigation générale),5.7,2025-03-26T13:15:59,2025-03-26T18:55:45,CLOSED
WO-000000348,ME-00000197,TC-000014,,TC-00-002,Tâche de maintenance sans code défaut associé (inspection/investigation générale),5.5,2025-03-26T13:37:27,2025-03-26T19:07:26,CLOSED
WO-000000349,ME-00000198,TC-000013,FC-00003,TC-21-001,Jeu excessif constaté,0.9,2007-06-28T22:53:04,2007-06-28T23:46:55,CLOSED
WO-000000350,ME-00000199,TC-000014,,TC-00-001,Tâche de maintenance sans code défaut associé (inspection/investigation générale),4.3,2021-05-09T01:35:12,2021-05-09T05:51:21,CLOSED
WO-000000351,ME-00000199,TC-000010,,TC-00-002,Tâc,2.5,2021-05-09T02:15:13,2021-05-09T04:44:11,CLOSED
WO-000000352,ME-00000199,TC-000001,,TC-00-003,Tâche de maintenance sans code défaut associé (inspection/investigation générale),4.9,2021-05-09T01:57:27,2021-05-09T06:52:39,CLOSED
WO-000000353,ME-00000200,TC-000002,,TC-00-001,Tâche de maintenance sans code défaut associé (inspection/investigation générale),4.1,2025-11-13T20:06:52,2025-11-14T00:10:06,CLOSED
WO-000000354,ME-00000201,TC-000002,FC-00003,TC-21-001,Jeu excessif constaté,1.8,2020-08-05T23:06:38,2020-08-06T00:53:39,CLOSED
WO-000000355,ME-00000202,TC-000005,FC-00001,TC-21-001,Anomalie structurelle mineure,7.3,2024-09-02T04:28:56,2024-09-02T11:48:57,CLOSED
WO-000000039-DUP0,ME-00000026,TC-000015,,TC-00-002,Tâche de maintenance sans code défaut associé (inspection/investigation générale),8.0,2012-12-02T04:04:37,2012-12-02T12:06:46,CLOSED
